id,titel,beschrijving,object,datum,periode,cs1,cs2,cs3,cs4,as1,as2,as3,as4
2003-036-018,"Portret van koppel","De foto werd vermoedelijk genomen naar aanleiding van de gouden bruiloft van het koppel. Ze zitten voor de woning, met bloemen voor hen.",foto,null,null,"bloem (plant)",,,,"huwelijk","jubileum",null,null
2012-029,"Huwelijk Antoon en Marie José, Gent, 1938",null,foto,1938,jaren 1930,"bruidspaar","bruidsboeket","sleep","studioportret","huwelijk","Gent",null,null
2012-030-001,"Bruidspaar met familie, jaren 1940",null,foto,null,jaren 1940,"bruidspaar","groepsportret","bloem (plant)",null,"huwelijk",,,
2012-030-002,"Huwelijk Juliette en Werner, Gent, 1962",null,foto,1962-10-20,jaren 1960,"bruidspaar","bruidsboeket",null,null,"huwelijk","Gent",null,null
2012-030-003,"Familie in huwelijksmis Juliette en Werner, Gent, 1962","De huwelijksviering vond plaats in de Sint-Martinuskerk op Ekkergem, Gent.",foto,1962-10-20,jaren 1960,null,null,null,null,"huwelijk","kerk","Gent",null
2012-030-007,"Bruidspaar Juliette en Werner in auto, Gent, 1962",null,foto,1962-10-20,jaren 1960,"bruidspaar","auto",null,null,"huwelijk","vervoer","Gent",null
2012-030-008,"Huwelijk Juliette en Werner, Gent, 1962","Feestvierders komen aan in feestzaal de Raadskelder in Gent.",foto,1962-10-20,jaren 1960,null,null,null,null,"huwelijk","feest","Gent",null
DIA-80-00358,"Bruidspaar Ans en Mark openen dansfeest, 1981",null,foto,1981,jaren 1980,"bruidspaar",,,,"huwelijk","dans","feest",null
FO-00-00034,"Bruidspaar Basiel en Agusta met familie, Sint-Niklaas, 1903",null,foto,1903,jaren 1900,"bruidspaar","groepsportret",null,null,"huwelijk","Sint-Niklaas",null,null
FO-10-00074,"Huwelijksportret, 1918",null,foto,1918,jaren 1910,"bruidspaar","studioportret",null,null,"huwelijk",,,
FO-10-00077,"Huwelijk Gustaaf en Julie, Zomergem, 1916",null,foto,1916-10-29,jaren 1910,"bruidspaar","studioportret",null,null,"huwelijk","Zomergem",null,null
FO-10-00089,"Huwelijk Bernard en Elvira, Gent, 1910",null,foto,1910-05-11,jaren 1910,"bruidspaar","studioportret","hoed",null,"huwelijk","Gent",null,null
FO-10-00098,"Huwelijk Louis en Henriette, 1919",null,foto,1919,jaren 1910,"bruidspaar","studioportret","bruidsboeket",null,"huwelijk",,,
FO-20-00083,"Huwelijk René en Maria, 1924",null,foto,1924-04-19,jaren 1920,"studioportret","bruidspaar","bruidsboeket",null,"huwelijk",,,
FO-20-00173,"Huwelijk Leopold en Irene, Zomergem, 1929",null,foto,1929,jaren 1920,"bruidspaar","bruidsboeket","studioportret",null,"huwelijk","Zomergem",null,null
FO-20-00197,"Huwelijksportret, jaren 1920",null,foto,null,jaren 1920,"bruidspaar","studioportret","bruidsboeket",null,"huwelijk",,,
FO-20-00235,"Studioportret bruidspaar met familie, ca. 1929",null,foto,1929,jaren 1920,"bruidspaar","bloem (plant)","studioportret","groepsportret","huwelijk",,,
FO-20-00236,"Huwelijksportret, ca. 1920-1922",null,foto,1920,jaren 1920,"studioportret","bruidspaar","bruidsboeket",null,"huwelijk",,,
FO-20-00240,"Huwelijk Louise en François, 1920",null,foto,1920,jaren 1920,"bruidspaar","studioportret","bruidsboeket",null,"huwelijk",,,
FO-20-00241,"Bruidspaar Louise en François met familie, 1920",null,foto,1920,jaren 1920,"bruidspaar","groepsportret","bloem (plant)",null,"huwelijk",,,
FO-20-00242,"Bruidspaar en familie, 1927",null,foto,1927,jaren 1920,"bruidspaar","groepsportret",null,null,"huwelijk",,,
FO-20-00245,"Bruidspaar Oscar en Julia met familie, Ledeberg, 1923",null,foto,1923,jaren 1920,"bruidspaar","studioportret","bruidsboeket",null,"huwelijk","Ledeberg",null,null
FO-20-00246,"Huwelijk Jules en Anna, Gent, 1928",null,foto,1928-04-28,jaren 1920,"bruidspaar","studioportret",null,null,"huwelijk","Gent",null,null
FO-20-00289,"Bruidspaar met familie, 1927",null,foto,1927,jaren 1920,"bruidspaar","groepsportret","bruidsboeket",null,"huwelijk",,,
FO-20-00291,"Huwelijk Eugeen en Gabrielle, Gent, 1921",null,foto,1921-08-24,jaren 1920,"bruidspaar","studioportret","bruidsboeket",null,"huwelijk","Gent",null,null
FO-20-00292,"Huwelijksportret, jaren 1920",null,foto,null,jaren 1920,"bruidspaar","studioportret",null,null,"huwelijk",,,
FO-30-00080,"Bruidspaar Suzanne en Maurice met familie, Oost-Eeklo, 1930",null,foto,1930-02-20,jaren 1930,"groepsportret","bruidspaar","bloem (plant)",null,"huwelijk","Oosteeklo",null,null
FO-30-00189,"Huwelijk Po en Stan, Gent, ca. 1935",null,foto,1935,jaren 1930,"studioportret","bruidspaar","bruidsboeket",null,"huwelijk","Gent",null,null
FO-30-00212,"Bruidspaar Jozef en Geertrui aan koets, Heestert, 1931",null,foto,1931-08-19,jaren 1930,"bruidspaar","koets","sleep","bruidsboeket","huwelijk","vervoer","Heestert",null
FO-30-00234,"Bruidspaar en bruidskindjes, jaren 1930",null,foto,null,jaren 1930,"bruidspaar","bloem (plant)",null,null,"huwelijk",,,
FO-30-00430,"Bruidspaar stapt in Ford A, Gent, 1931",null,foto,1931,jaren 1930,"auto","Ford","bruidspaar",null,"huwelijk","vervoer","Gent",null
FO-30-00456,"Familieportret met bruidspaar, Waals-Brabant, jaren 1930","Op de achtergrond ziet men aanplakborden met het overzicht van de politieke lijsten voor de verkiezingen. Er is eveneens een reclame voor de verwarming van Nestor Martin te zien.",foto,null,jaren 1930,"reclame","bruidspaar","bruidsboeket",null,"huwelijk",,,
FO-30-00457,"Huwelijk Jozef en Stephanie, 1939",null,foto,1939-07-12,jaren 1930,"bruidspaar","bruidsboeket","studioportret",null,"huwelijk",,,
FO-30-00460,"Bruidspaar Albert en Juliana, 1936",null,foto,1936-07-18,jaren 1930,"bloem (plant)","bruidspaar",null,null,"huwelijk",,,
FO-30-00481,"Huwelijksportret Gijsberth en Bertha, ca. 1938",null,foto,1938,jaren 1930,"bruidspaar","bruidsboeket","studioportret",null,"huwelijk",,,
FO-30-00485,"Huwelijk Marie-Thérèse en Gustaaf, Gent, 1939","Het koppel verlaat de Sint-Stephanuskerk in Gent.",foto,1939-03-11,jaren 1930,"bruidspaar","bruidsboeket",null,null,"huwelijk","kerk","Gent",null
FO-30-00494,"Huwelijk Petrus en Alice, Zomergem, jaren 1930",null,foto,null,jaren 1930,"bruidspaar","bruidsboeket","studioportret",null,"huwelijk","Zomergem",null,null
FO-30-00496,"Gouden bruiloft, ca. 1930",null,foto,1930,jaren 1930,"bloem (plant)",,,,"jubileum","huwelijk","feest",null
FO-30-00532,"Huwelijk Henri en Georgetta, Gent, 1939",null,foto,1939-08-05,jaren 1930,"bruidspaar","bruidsboeket","studioportret","bloem (plant)","huwelijk","Gent",null,null
FO-30-00614,"Huwelijk Blanche en Georges, Nieuwpoort, ca. 1937",null,foto,1937,jaren 1930,"bruidspaar","bruidsboeket","bloem (plant)",null,"huwelijk","Nieuwpoort",null,null
FO-30-00678,"Huwelijksportret, jaren 1930",null,foto,null,jaren 1930,"bruidspaar","studioportret","bruidsboeket","bloem (plant)","huwelijk",,,
FO-30-00679,"Huwelijk Arnold en Yvonne, jaren 1930",null,foto,null,jaren 1930,"bruidspaar","studioportret","bruidsboeket","sluier","huwelijk",,,
FO-30-00680,"Huwelijk Marcel en Emilienne, Oostende, 1934",null,foto,1934-04-14,jaren 1930,"bruidspaar","studioportret","bruidsboeket","sleep","huwelijk","Oostende",null,null
FO-30-00702,"Bruidspaar Antoon en Marie José verlaat de kerk, Sas van Gent, 1938",null,foto,1938-10-13,jaren 1930,"bruidspaar",,,,"huwelijk","kerk","Sas van Gent",null
FO-30-00703,"Bruidspaar Antoon en Marie José verlaat de kerk, Sas van Gent, 1938",null,foto,1938-10-13,jaren 1930,"bruidspaar",,,,"huwelijk","kerk","Sas van Gent",null
FO-30-00704,"Bruidspaar Antoon en Marie José met bruidskindjes, Gent, 1938",null,foto,1938-10-13,jaren 1930,"bruidspaar","bruidsboeket","studioportret","sleep","huwelijk","Gent",null,null
FO-40-00196,"Huwelijksportret van bruid Rosalia, Gent, 1945",null,foto,1945,jaren 1940,"bruid","bruidsboeket","bloem (plant)",null,"huwelijk","Gent",null,null
FO-40-00276,"Meisje bij Sinterklaas, ca. 1948-1949",null,foto,1948,jaren 1940,"Sinterklaas",,,,"Sinterklaas",,,
FO-40-00459,"Bruidspaar verlaat de kerk, Sint-Amandsberg, 1945","Tijdens dit huwelijk traden drie koppels (Albert en Agnes; Pierre en Georgette; John en Arlette) in het huwelijksbootje, in de Heilig Hartkerk in Sint-Amandsberg. Twee van de bruiden waren zussen, de derde bruid was de zus van één van de andere bruidegoms.",foto,1945-07-30,jaren 1940,"bruidspaar",,,,"huwelijk","kerk","Sint-Amandsberg",null
FO-40-00460,"Bruidspaar verlaat de kerk, Sint-Amandsberg, 1945","Tijdens dit huwelijk traden drie koppels (Albert en Agnes; Pierre en Georgette; John en Arlette) in het huwelijksbootje, in de Heilig Hartkerk in Sint-Amandsberg. Twee van de bruiden waren zussen, de derde bruid was de zus van één van de andere bruidegoms.",foto,1945-07-30,jaren 1940,"bruidspaar",,,,"huwelijk","kerk","Sint-Amandsberg",null
FO-40-00462,"Bruidspaar verlaat de kerk, Sint-Amandsberg, 1945","Tijdens dit huwelijk traden drie koppels (Albert en Agnes; Pierre en Georgette; John en Arlette) in het huwelijksbootje, in de Heilig Hartkerk in Sint-Amandsberg. Twee van de bruiden waren zussen, de derde bruid was de zus van één van de andere bruidegoms.",foto,1945-07-30,jaren 1940,"bruidspaar",,,,"huwelijk","kerk","Sint-Amandsberg",null
FO-40-00496,"Huwelijksportret, Gent, 1943",null,foto,1943-07-04,jaren 1940,"bruidspaar","studioportret","bruidsboeket",null,"huwelijk","Gent",null,null
FO-40-00528,"Bruidspaar Gerard en Esther met getuigen, Zomergem, 1949",null,foto,1949-02,jaren 1940,"bruidspaar","bruidsboeket","studioportret","bloem (plant)","huwelijk","Zomergem",null,null
FO-40-00529,"Huwelijk Gaston en Prudence, ca. 1946",null,foto,1946,jaren 1940,"bruidspaar","bruidsboeket","studioportret",null,"huwelijk",,,
FO-40-00530,"Huwelijk Firmin en Zoë, Zomergem, 1946","De bruid heeft haar kleed zelf gemaakt.",foto,1946-07-11,jaren 1940,"bruidspaar","studioportret","bruidsboeket",null,"huwelijk","Zomergem",null,null
FO-40-00531,"Huwelijk Firmin en Zoë, Zomergem, 1946","De bruid heeft haar kleed zelf gemaakt.",foto,1946-07-11,jaren 1940,"bruidspaar","bruidsboeket","studioportret","bloem (plant)","huwelijk","Zomergem",null,null
FO-40-00534,"Huwelijksportret, 1946",null,foto,1946,jaren 1940,"bruidspaar","bloem (plant)","studioportret",null,"huwelijk",,,
FO-40-00610,"Bruidspaar Marie-Josèphe en Frans verlaat de kerk, 1947",null,foto,1947-11-22,jaren 1940,"bruidspaar","bruidsboeket",null,null,"huwelijk","kerk",null,null
FO-40-00612,"Huwelijk Petrus en Julia, Zomergem, 1947",null,foto,1947-08-08,jaren 1940,"bruidspaar","studioportret",null,null,"huwelijk","Zomergem",null,null
FO-40-00613,"Huwelijk August en Adrienne, Zomergem, 1947",null,foto,1947-07-23,jaren 1940,"bruidspaar","studioportret","bruidsboeket","bloem (plant)","huwelijk","Zomergem",null,null
FO-40-00614,"Huwelijk Georges en Cecile, ca. 1945",null,foto,1945,jaren 1940,"bruidspaar","studioportret","bruidsboeket","bloem (plant)","huwelijk",,,
FO-40-00650,"Huwelijksportret, jaren 1940",null,foto,null,jaren 1940,"bruidspaar","bruidsboeket","studioportret",null,"huwelijk",,,
FO-40-00654,"Meisje bij Sinterklaas, 1949",null,foto,1949,jaren 1940,"Sinterklaas",,,,"Sinterklaas",,,
FO-40-00669,"Meisje geeft hand aan Sinterklaas, 1949",null,foto,1949,jaren 1940,"Sinterklaas",,,,"Sinterklaas",,,
FO-40-00674,"Huwelijk Maurice en André, Ieper, ca. 1945",null,foto,1945,jaren 1940,"bruidspaar","bruidsboeket","studioportret",null,"huwelijk","Ieper",null,null
FO-40-00675,"Huwelijk Daniël en Irene, 1947",null,foto,1947,jaren 1940,"bruidspaar","bruidsboeket","studioportret",null,"huwelijk",,,
FO-40-00676,"Huwelijk Etienne en Tiny, Gent, 1948",null,foto,1948,jaren 1940,"bruidspaar","bruidsboeket","studioportret",null,"huwelijk","Gent",null,null
FO-40-00679,"Huwelijk Theo en Georgette, Gent, 1946",null,foto,1946-05-29,jaren 1940,"bruidspaar","bruidsboeket","studioportret",null,"huwelijk","Gent",null,null
FO-40-00680,"Huwelijk William en Jennie, Gent, 1946","Het Brits-Belgische koppel huwde na de Tweede Wereldoorlog, samen met andere Brits-Belgische koppels in de Sint-Johns church in Gent. William was een Britse soldaat tijdens de oorlog en kwam tijdens de bevrijding terecht in Gent.",foto,1946,jaren 1940,"bruidspaar","bruidsboeket","studioportret",null,"huwelijk","Tweede Wereldoorlog","Gent",null
FO-40-00681,"Huwelijk Jean en Camilla, Gent, 1948",null,foto,1948-04-10,jaren 1940,"bruidspaar","bruidsboeket",null,null,"huwelijk","Gent",null,null
FO-40-00693,"Huwelijk Petrus en Julie, Zomergem, 1947",null,foto,1947-08-08,jaren 1940,"bruidspaar","studioportret",null,null,"huwelijk","Zomergem",null,null
FO-40-00699,"Huwelijk Emiel en Maria, Gent, 1948",null,foto,1948-07-15,jaren 1940,"bruidspaar",,,,"huwelijk","Gent",null,null
FO-40-00700,"Huwelijk Emiel en Maria, Gent, 1948",null,foto,1948-07-15,jaren 1940,"bruidspaar","bloem (plant)",null,null,"huwelijk","Gent",null,null
FO-40-00713,"Huwelijk Roger en Leontina, Wondelgem, 1943",null,foto,1943-08-07,jaren 1940,"bruidspaar","studioportret","bruidsboeket",null,"huwelijk","Wondelgem",null,null
FO-40-00717,"Huwelijk William en Jennie, Gent, 1946","Het Brits-Belgische koppel huwde na de Tweede Wereldoorlog, samen met andere Brits-Belgische koppels in de Sint-Johns church in Gent. William was een Britse soldaat tijdens de oorlog en kwam tijdens de bevrijding terecht in Gent.",foto,1946,jaren 1940,"bruidspaar","bruidsboeket","studioportret",null,"huwelijk","Tweede Wereldoorlog","Gent",null
FO-40-00726,"Meisje bij Sinterklaas, Grand Bazar Gent, 1949","De foto werd genomen in de Grand Bazar in de Gentse Veldstraat.",foto,1949,jaren 1940,"Sinterklaas",,,,"Sinterklaas","Gent","Veldstraat (Gent)",null
FO-40-00727,"Tweelingbroers bij Sinterklaas, 1946",null,foto,1946,jaren 1940,"Sinterklaas","tweeling",null,null,"Sinterklaas",,,
FO-40-00728,"Twee kinderen bij Sinterklaas, 1947-1948",null,foto,1947,jaren 1940,"Sinterklaas",,,,"Sinterklaas",,,
FO-40-00729,"Jongen bij Sinterklaas, 1949",null,foto,1949,jaren 1940,"Sinterklaas",,,,"Sinterklaas",,,
FO-40-00730,"Jongetje bij Sinterklaas, Grand Bazar Gent, 1949","Deze foto werd gemaakt in de Grand Bazar in de Gentse Veldstraat.",foto,1949,jaren 1940,"Sinterklaas",,,,"Sinterklaas","Gent","Veldstraat (Gent)",null
FO-40-00739,"Jongetje bij Sinterklaas, Gent, 1949",null,foto,1949,jaren 1940,"Sinterklaas",,,,"Sinterklaas","Gent",null,null
FO-40-00758,"Meisje op schoot van Sinterklaas, Grand Bazar Gent, 1949","De foto werd genomen in de Grand Bazar in de Veldstraat in Gent.",foto,1949-12,jaren 1940,"Sinterklaas",,,,"Sinterklaas","Gent","Veldstraat (Gent)",null
FO-40-00761,"Drie kinderen bij Sinterklaas, 1949",null,foto,1949,jaren 1940,"Sinterklaas",,,,"Sinterklaas",,,
FO-40-00786,"Meisje bij Sinterklaas, ca. 1949",null,foto,1949,jaren 1940,"Sinterklaas",,,,"Sinterklaas",,,
FO-40-00787,"Meisje bij Sinterklaas, 1949",null,foto,1949,jaren 1940,"Sinterklaas",,,,"Sinterklaas",,,
FO-50-00002,"Jongen bij Sinterklaas, ca. 1952",null,foto,1952,jaren 1950,"Sinterklaas",,,,"Sinterklaas",,,
FO-50-00009,"Bruidspaar Norbert en Marie-Louise in auto, 1958",null,foto,1958-10-18,jaren 1950,"auto","bruidspaar","bruidsboeket",null,"huwelijk","vervoer",null,null
FO-50-00021,"Drie meisjes bij de Sint",null,foto,null,jaren 1950,"Sinterklaas",,,,"Sinterklaas",,,
FO-50-00022,"Meisje bij Sinterklaas",null,foto,null,jaren 1950,"Sinterklaas",,,,"Sinterklaas",,,
FO-50-00042,"Portret van meisje bij Sinterklaas, Gent, 1951",null,foto,1951,jaren 1950,"Sinterklaas","knuffeldier",null,null,"Sinterklaas","speelgoed","Gent",null
FO-50-00102,"Meisjes bij Sinterklaas, Grand Bazar Gent, 1956",null,foto,1956,jaren 1950,"Sinterklaas",,,,"Sinterklaas","Gent",null,null
FO-50-00151,"Meisje bij Sinterklaas, Gent, 1951",null,foto,1951,jaren 1950,"Sinterklaas",,,,"Sinterklaas","Gent",null,null
FO-50-00155,"Bruidspaar Simonne en Jacques in auto, 1957",null,foto,1957-09-26,jaren 1950,"bruidspaar","bruidsboeket","auto",null,"huwelijk","vervoer",null,null
FO-50-00167,"Jongen bij Sinterklaas, Grand Bazar Gent, 1956",null,foto,1956,jaren 1950,"Sinterklaas",,,,"Sinterklaas","Gent",null,null
FO-50-00237,"Bruidspaar tijdens openingsdans, jaren 1950",null,foto,null,jaren 1950,"jukebox","bruidspaar",null,null,"feest","huwelijk","dans",null
FO-50-00281,"Twee kinderen bij Sinterklaas, Ronse, 1954",null,foto,1954,jaren 1950,"Sinterklaas",,,,"Sinterklaas","Ronse",null,null
FO-50-00287,"Meisje in schooluniform bij Sinterklaas, Ronse, 1953",null,foto,1953,jaren 1950,"Sinterklaas",,,,"Sinterklaas","Ronse",null,null
FO-50-00333,"Twee broers bij Sinterklaas, Antwerpen, 1956",null,foto,1956,jaren 1950,"Sinterklaas",,,,"Sinterklaas","Antwerpen",null,null
FO-50-00334,"Twee zusjes bij Sinterklaas, Antwerpen, 1953",null,foto,1953,jaren 1950,"Sinterklaas",,,,"Sinterklaas","Antwerpen",null,null
FO-50-00355,"Meisje bij Sinterklaas, Gent, 1958",null,foto,1958,jaren 1950,"Sinterklaas",,,,"Sinterklaas","Gent",null,null
FO-50-00357,"Meisje op de schoot van Sinterklaas, UCO, Gent, 1951",null,foto,1951,jaren 1950,"Sinterklaas",,,,"Sinterklaas","Gent",null,null
FO-50-00358,"Meisje bij Sinterklaas, Gent, 1950",null,foto,1950,jaren 1950,"Sinterklaas",,,,"Sinterklaas","Gent",null,null
FO-50-00359,"Meisje bij Sinterklaas, Gent, 1952",null,foto,1952,jaren 1950,"Sinterklaas",,,,"Sinterklaas","Gent",null,null
FO-50-00360,"Meisje bij Sinterklaas, Gent, 1953",null,foto,1953,jaren 1950,"Sinterklaas",,,,"Sinterklaas","Gent",null,null
FO-50-00398,"Drie kinderen bij Sinterklaas, ca. 1958",null,foto,1958,jaren 1950,"Sinterklaas",,,,"Sinterklaas",,,
FO-50-00400,"Meisje bij Sinterklaas en Zwarte Piet, ca. 1958-1959",null,foto,1958,jaren 1950,"Sinterklaas",,,,"Sinterklaas",,,
FO-50-00411,"Jongen bij Sinterklaas, Grand Bazar, Gent, 1953",null,foto,1953,jaren 1950,"Sinterklaas",,,,"Sinterklaas","Gent",null,null
FO-50-00439,"Jongen bij Sinterklaas, Grand Bazar, Gent, 1952",null,foto,1952,jaren 1950,"Sinterklaas",,,,"Sinterklaas","Gent",null,null
FO-50-00496,"Jongen bij Sinterklaas, ca. 1955",null,foto,1955,jaren 1950,"Sinterklaas",,,,"Sinterklaas",,,
FO-50-00501,"Portret met bloemen en cadeaus voor gouden jubileum, Gent, 1956",null,foto,1956,jaren 1950,"bloem (plant)",,,,"huwelijk","jubileum","Gent",null
FO-50-00508,"Jongen bij Sinterklaas, Gent, ca. 1952",null,foto,1958,jaren 1950,"Sinterklaas",,,,"Sinterklaas","Gent",null,null
FO-50-00590,"Jonge vrouw met knuffelhond bij Sinterklaas, ca. 1957-1959",null,foto,1957,jaren 1950,"Sinterklaas","knuffeldier",null,null,"Sinterklaas",,,
FO-50-00592,"Drie kinderen bij Sinterklaas, 1953",null,foto,1953-12,jaren 1950,"Sinterklaas",,,,"Sinterklaas",,,
FO-50-00613,"Moeder en dochter bij Sinterklaas, Antwerpen, 1954",null,foto,1954,jaren 1950,"Sinterklaas",,,,"Sinterklaas","Antwerpen",null,null
FO-50-00678,"Kind bij Sinterklaas, ca. 1952",null,foto,1952,jaren 1950,"Sinterklaas",,,,"Sinterklaas",,,
FO-50-00750,"Kindje bij Sinterklaas, 1953",null,foto,1953,jaren 1950,"Sinterklaas",,,,"Sinterklaas",,,
FO-50-00752,"Jongen bij Sinterklaas, 1955",null,foto,1955,jaren 1950,"Sinterklaas",,,,"Sinterklaas",,,
FO-50-00753,"Kindje bij Sinterklaas, ca. 1954",null,foto,1954,jaren 1950,"Sinterklaas",,,,"Sinterklaas",,,
FO-50-00754,"Huwelijksmis Maurice en Erna, Okegem, 1955",null,foto,1955-08-10,jaren 1950,"bruidspaar","bruidsboeket",null,null,"huwelijk","kerk",null,null
FO-50-00755,"Bruidspaar Maurice en Erna met familie, Okegem, 1955",null,foto,1955-08-10,jaren 1950,"bruidspaar","bruidsboeket","bloem (plant)",null,"huwelijk",,,
FO-50-00763,"Jongen bij Sinterklaas, Brussel, 1954",null,foto,1954-10-19,jaren 1950,"Sinterklaas",,,,"Sinterklaas","Brussel",null,null
FO-50-00764,"Jongen en meisje bij Sinterklaas, 1955",null,foto,1955-10,jaren 1950,"Sinterklaas",,,,"Sinterklaas",,,
FO-50-00765,"Jongen bij Sinterklaas, Brussel, 1954","Deze foto werd genomen in supermarkt Nopri in Brussel.",foto,1954-10-19,jaren 1950,"Sinterklaas",,,,"Sinterklaas","Brussel",null,null
FO-50-00766,"Jongen en meisje bij Sinterklaas",null,foto,null,jaren 1950,"Sinterklaas",,,,"Sinterklaas",,,
FO-50-00767,"Jongen bij Sinterklaas, Brussel, 1954","Deze foto werd genomen in supermarkt Grand Magasin de la Bourse in Brussel.",foto,1954-10-19,jaren 1950,"Sinterklaas",,,,"Sinterklaas","Brussel",null,null
FO-50-00768,"Twee kinderen met moeder bij Sinterklaas, ca. 1955","Sinterklaas wordt vergezeld door een engel.",foto,1955,jaren 1950,"Sinterklaas","engel",null,null,"Sinterklaas",,,
FO-50-00777,"Jongen bij Sinterklaas, Grand Bazar, Gent, ca. 1950",null,foto,1950,jaren 1950,"Sinterklaas",,,,"Sinterklaas","Gent","Veldstraat (Gent)",null
FO-50-00797,"Twee dames bij Sinterklaas, 1959",null,foto,1959,jaren 1950,"Sinterklaas",,,,"Sinterklaas",,,
FO-50-00827,"Huwelijk Ethel en Richard, Gent, 1952",null,foto,1952-04-17,jaren 1950,"bruidspaar","studioportret","bruidsboeket",null,"huwelijk","Gent",null,null
FO-50-00828,"Bruidspaar Ethel en Richard met familie, Gent, 1952",null,foto,1952-04-17,jaren 1950,"bruidspaar","bruidsboeket","groepsportret",null,"huwelijk","Gent",null,null
FO-50-00879,"Neef en nicht bij Sinterklaas, 1952",null,foto,1952,jaren 1950,"Sinterklaas",,,,"Sinterklaas",,,
FO-50-00884,"Groep jongeren bij Sinterklaas, Gent, 1959","De foto werd genomen in de Innovation in Gent. De jongeren zaten in een voorbereidend jaar van Hogeschool Sint-Lieven in Gent.",foto,1959,jaren 1950,"Sinterklaas","groepsportret",null,null,"Sinterklaas","onderwijs","Gent",null
FO-50-01027,"Moeder en kind bij Sinterklaas, ca. 1954",null,foto,1954,jaren 1950,"Sinterklaas",,,,"Sinterklaas",,,
FO-50-01028,"Kindje bij Sinterklaas, ca. 1957",null,foto,1957,jaren 1950,"Sinterklaas",,,,"Sinterklaas",,,
FO-50-01029,"Twee kindjes bij Sinterklaas, ca. 1959",null,foto,1959,jaren 1950,"Sinterklaas",,,,"Sinterklaas",,,
FO-50-01139,"Meisje bij Sinterklaas, Gent, 1954","De Gentse wijk, Patershol, ontving Sinterklaas in 1954. Hij kwam op bezoek in een café in de Corduwanierstraat.",foto,1954,jaren 1950,"Sinterklaas",,,,"Sinterklaas","Gent",null,null
FO-50-01290,"Verloving Frida en Hilaire, Gent, 1958",null,foto,1958,jaren 1950,null,null,null,null,"verloving","huwelijk","Gent",null
FO-50-01291,"Verloving Frida en Hilaire, Gent, 1958",null,foto,1958,jaren 1950,"bloem (plant)",,,,"huwelijk","verloving","Gent",null
FO-50-01308,"Huwelijk Freddy en Edith, Gent, 1954",null,foto,1954-07-17,jaren 1950,"bruidspaar","studioportret","bruidsboeket","bloem (plant)","huwelijk","Gent",null,null
FO-50-01309,"Huwelijksportret, ca. 1959",null,foto,1959,jaren 1950,"bruidspaar","studioportret","bruidsboeket",null,"huwelijk",,,
FO-50-01313,"Bruidspaar Ethel en Richard in kerkportaal, Gent, 1952","Het koppel huwde in de Sint-Jozefkerk in de Wondelgemstraat in Gent.",foto,1952-04-17,jaren 1950,"bruidspaar","bruidsboeket",null,null,"huwelijk","kerk","Gent","Wondelgemstraat (Gent)"
FO-50-01314,"Bruidspaar Ethel en Richard in auto, Gent, 1952",null,foto,1952-04-17,jaren 1950,"bruidspaar","bruidsboeket","auto",null,"huwelijk","vervoer","Gent",null
FO-50-01315,"Bruidspaar Roland en Claudine bij auto, Gentbrugge, 1957",null,foto,1957-10-12,jaren 1950,"bruidspaar","auto","bruidsboeket",null,"huwelijk","Gentbrugge",null,null
FO-50-01317,"Bruidspaar Roland en Claudine in auto, Gentbrugge, 1957",null,foto,1957-10-12,jaren 1950,"bruidspaar","auto",null,null,"huwelijk","vervoer","Gentbrugge",null
FO-50-01319,"Bruidspaar Roland en Claudine in woonkamer, Gentbrugge, 1957",null,foto,1957-10-12,jaren 1950,"bruidspaar","bruidsboeket","behang",null,"huwelijk","interieur","huiskamer","Gentbrugge"
FO-50-01322,"Bruidspaar Roland en Claudine verlaat de kerk, Ledeberg, 1957",null,foto,1957-10-12,jaren 1950,"bruidspaar","bruidsboeket",null,null,"huwelijk","kerk","Ledeberg",null
FO-50-01332,"Bruidspaar Frans en Louisa in auto, ca. 1950",null,foto,1950,jaren 1950,"bruidspaar","auto",null,null,"huwelijk","vervoer",null,null
FO-50-01335,"Huwelijk Oscar en Denise, 1952",null,foto,1952,jaren 1950,"bruidspaar","bruidsboeket",null,null,"huwelijk",,,
FO-50-01336,"Twee bruidsparen, Zomergem, 1956","De bruiden Christine en Francine zijn zussen, de bruidegommen zijn neven van elkaar. Bruid Christine (links) maakte zowel haar eigen kleed als dat van haar zus.",foto,1956-04-14,jaren 1950,"bruidspaar","bruidsboeket","bloem (plant)","studioportret","huwelijk","Zomergem",null,null
FO-50-01337,"Huwelijk Oscar en Denise, Zomergem, 1952",null,foto,1952-02-17,jaren 1950,"bruidspaar","bruidsboeket","studioportret","bloem (plant)","huwelijk","Zomergem",null,null
FO-50-01338,"Bruidspaar Oscar en Denise met getuigen, Zomergem, 1952",null,foto,1952-02-17,jaren 1950,"bruidspaar","bruidsboeket","studioportret",null,"huwelijk","Zomergem",null,null
FO-50-01339,"Jubilarissen met familie, jaren 1950",null,foto,null,jaren 1950,"groepsportret","bloem (plant)",null,null,"huwelijk","jubileum","feest",null
FO-50-01374,"Bruidspaar Nadia en Jan aan stadhuis, Gent, 1951","Het huwelijk vond plaats in het stadhuis van Gent.",foto,1951-08-07,jaren 1950,"bruidspaar","bruidsboeket",null,null,"huwelijk","Gent",null,null
FO-50-01386,"Kinderen bij Sinterklaas",null,foto,null,jaren 1950,"Sinterklaas",,,,"Sinterklaas",,,
FO-50-01429,"Hubert en Gody snijden bruidstaart aan, Gent, 1954",null,foto,1954,jaren 1950,"bruidspaar","taart",null,null,"huwelijk","feest","Gent",null
FO-50-01430,"Huwelijk Hubert en Gody, Gent, 1954",null,foto,1954,jaren 1950,"bruidspaar","bruidsboeket",null,null,"huwelijk","Gent",null,null
FO-50-01433,"Bruidspaar Hubert en Gody in auto, Gent, 1954",null,foto,1954,jaren 1950,"bruidspaar","bruidsboeket","auto",null,"huwelijk","vervoer","Gent",null
FO-50-01436,"Meisje bij Sinterklaas, Grand Bazar Gent, ca. 1953","De foto werd genomen in de Grand Bazar in de Gentse Veldstraat.",foto,1953,jaren 1950,"Sinterklaas","mand",null,null,"Sinterklaas","Gent","Veldstraat (Gent)",null
FO-50-01446,"Meisje bij Sinterklaas, ca. 1951",null,foto,1951,jaren 1950,"Sinterklaas",,,,"Sinterklaas",,,
FO-50-01460,"Huwelijksportret met familie, Eernegem, 1959",null,foto,1959-08-01,jaren 1950,"bruidspaar","bruidsboeket",null,null,"huwelijk","Eernegem",null,null
FO-50-01465,"Bruidspaar aan feesttafel, Eernegem, 1959","Het trouwfeest vond plaats in café Sint-Jozef, rechtover de kerk van Eernegem waar het huwelijk plaatsvond.",foto,1959-08-01,jaren 1950,"bruidspaar",,,,"huwelijk","feest","Eernegem",null
FO-50-01467,"Huwelijksportret, Eernegem, 1959",null,foto,1959-08-01,jaren 1950,"bruidspaar","bruidsboeket",null,null,"huwelijk","Eernegem",null,null
FO-50-01468,"Bruidspaar snijdt taart aan, Eernegem, 1959","Het trouwfeest vond plaats in café Sint-Jozef, rechtover de kerk van Eernegem waar het huwelijk plaatsvond.",foto,1959-08-01,jaren 1950,"bruidspaar","taart",null,null,"huwelijk","feest","Eernegem",null
FO-50-01477,"Bruidspaar verlaat de kerk, Eernegem, 1959",null,foto,1959-08-01,jaren 1950,"bruidspaar","bruidsboeket",null,null,"huwelijk","kerk","Eernegem",null
FO-50-01484,"Huwelijk Jules en Rachel, Oostwinkel, 1951",null,foto,1951-10-18,jaren 1950,"bruidspaar","studioportret","bruidsboeket","bloem (plant)","huwelijk","Oostwinkel",null,null
FO-50-01486,"Huwelijk Jules en Rachel, Oostwinkel, 1951",null,foto,1951-10-18,jaren 1950,"bruidspaar","studioportret","bruidsboeket",null,"huwelijk","Oostwinkel",null,null
FO-50-01503,"Kindje bij Sinterklaas, 1954",null,foto,1954-12,jaren 1950,"Sinterklaas",,,,"Sinterklaas",,,
FO-50-01545,"Meisje met pop bij Sinterklaas",null,foto,null,jaren 1950,"Sinterklaas","pop",null,null,"Sinterklaas","speelgoed",null,null
FO-50-01617,"Bruidspaar Angèle en Jean in haar ouderlijk huis, Aalst, 1958",null,foto,1958-02-01,jaren 1950,"bruidspaar","bruidsboeket",null,null,"huwelijk","interieur","huiskamer","Aalst"
FO-50-01621,"Huwelijksmis Angèle en Jean, Aalst, 1958","De viering vond plaats in de Sint-Jozefkerk van Aalst.",foto,1958-02-01,jaren 1950,"bruidspaar","priester",null,null,"huwelijk","kerk","Aalst",null
FO-50-01622,"Huwelijksmis Angèle en Jean, Aalst, 1958","De viering vond plaats in de Sint-Jozefkerk van Aalst.",foto,1958-02-01,jaren 1950,"bruidspaar","priester",null,null,"huwelijk","kerk","Aalst",null
FO-50-01625,"Bruidspaar Angèle en Jean verlaat de kerk, Aalst, 1958","De viering vond plaats in de Sint-Jozefkerk van Aalst.",foto,1958-02-01,jaren 1950,"bruidspaar","bruidsboeket",null,null,"huwelijk","kerk","Aalst",null
FO-50-01627,"Bruidspaar Angèle en Jean in auto, Aalst, 1958",null,foto,1958-02-01,jaren 1950,"bruidspaar","bruidsboeket","auto",null,"huwelijk","vervoer","Aalst",null
FO-50-01628,"Angèle en Jean met hun bruidstaart, Aalst, 1958",null,foto,1958-02-01,jaren 1950,"bruidspaar","taart",null,null,"huwelijk","feest","Aalst",null
FO-50-01629,"Trouwfeest Angèle en Jean, Aalst, 1958",null,foto,1958-02-01,jaren 1950,null,null,null,null,"huwelijk","feest","Aalst",null
FO-50-01633,"Bruidspaar verlaat de kerk, jaren 1950",null,foto,null,jaren 1950,"bruidspaar",,,,"huwelijk",,,
FO-50-01643,"Huwelijksmis Tony en Nelly, Ronse, 1959",null,foto,1959-07-11,jaren 1950,"bruidspaar",,,,"huwelijk","kerk","Ronse",null
FO-50-01644,"Huwelijksmis Tony en Nelly, Ronse, 1959",null,foto,1959-07-11,jaren 1950,"bruidspaar",,,,"huwelijk","kerk","Ronse",null
FO-50-01645,"Receptie huwelijk Tony en Nelly, Ronse, 1959",null,foto,1959-07-11,jaren 1950,"bruidspaar",,,,"huwelijk","feest","Ronse",null
FO-50-01646,"Bruidspaar Tony en Nelly verlaat de kerk, Ronse, 1959",null,foto,1959-07-11,jaren 1950,"bruidspaar","bruidsboeket",null,null,"huwelijk","kerk","Ronse",null
FO-50-01647,"Bruidspaar Tony en Nelly in auto, Ronse, 1959",null,foto,1959-07-11,jaren 1950,"bruidspaar","bruidsboeket","auto",null,"huwelijk","vervoer","Ronse",null
FO-50-01650,"Receptie huwelijk Tony en Nelly, Ronse, 1959",null,foto,1959-07-11,jaren 1950,"bruidspaar",,,,"huwelijk","feest","Ronse",null
FO-50-01653,"Huwelijk Maurice en Bertha, 1951",null,foto,1951-01-24,jaren 1950,"bruidspaar","studioportret",null,null,"huwelijk",,,
FO-50-01654,"Huwelijk Georges en Martina, 1954",null,foto,1954-04-23,jaren 1950,"bruidspaar","bruidsboeket","studioportret",null,"huwelijk",,,
FO-50-01655,"Huwelijk Marcel en Mariette, 1954",null,foto,1954-10-14,jaren 1950,"bruidspaar","bruidsboeket","studioportret","sluier","huwelijk",,,
FO-50-01657,"Trouwfeest Daniel en Jacqueline, Evergem, 1958",null,foto,1958,jaren 1950,null,null,null,null,"huwelijk","feest","dans","Evergem"
FO-50-01658,"Huwelijk Roger en Marie-Jeanne, 1959",null,foto,1959,jaren 1950,"bruidspaar","bruidsboeket","studioportret",null,"huwelijk",,,
FO-50-01667,"Huwelijk Willy en Jeanne, ca. 1954",null,foto,1954,jaren 1950,"bruidspaar","bruidsboeket","studioportret",null,"huwelijk",,,
FO-50-01675,"Bruidspaar Erik en Viviane, Gent, 1957",null,foto,1957-07-04,jaren 1950,"bruidspaar",,,,"huwelijk","Gent",null,null
FO-50-01676,"Receptie huwelijk Erik en Viviane, Gent, 1957",null,foto,1957-07-04,jaren 1950,"bruidspaar",,,,"huwelijk","feest","Gent",null
FO-50-01678,"Trouwfoto Erik en Viviane, Gent, 1957",null,foto,1957-07-04,jaren 1950,"bruidspaar",,,,"huwelijk","Gent",null,null
FO-50-01681,"Bruidspaar Irené en Bérenice verlaat de kerk, Drongen, 1954",null,foto,1954-06-05,jaren 1950,"bruidspaar","bruidsboeket","bloem (plant)",null,"huwelijk","kerk","Drongen",null
FO-50-01684,"Bruidspaar Irené en Bérenice in auto, Drongen, 1954",null,foto,1954-06-05,jaren 1950,"bruidspaar","auto","bruidsboeket",null,"huwelijk","vervoer","Drongen",null
FO-50-01686,"Bruidspaar Denise en Walter in haar ouderlijk huis, Gent, 1957",null,foto,1957-07-06,jaren 1950,"bruidspaar","bruidsboeket",null,null,"huwelijk","Gent",null,null
FO-50-01687,"Bruid Denise verlaat haar ouderlijk huis, Gent, 1957",null,foto,1957-07-06,jaren 1950,"bruid","bruidsboeket",null,null,"huwelijk","Gent",null,null
FO-50-01688,"Huwelijksmis Denise en Walter, Gent, 1957",null,foto,1957-07-06,jaren 1950,"bruidspaar","bruidsboeket","priester",null,"huwelijk","kerk","Gent",null
FO-50-01689,"Bruidspaar Denise en Walter verlaat de kerk, Gent, 1957",null,foto,1957-07-06,jaren 1950,"bruidspaar","bruidsboeket",null,null,"huwelijk","kerk","Gent",null
FO-50-01690,"Bruidspaar Denise en Walter in auto, Gent, 1957",null,foto,1957-07-06,jaren 1950,"bruidspaar","auto","bruidsboeket",null,"huwelijk","vervoer","Gent",null
FO-50-01691,"Openingsdans Denise en Walter, Gent, 1957","Het trouwfeest vond plaats 'Bij Firmin' in de Zwarte Zusterstraat in Gent. De openingsdans van het koppel was When I fall in love van Nat King Cole.",foto,1957-07-06,jaren 1950,"bruidspaar",,,,"huwelijk","dans","feest","Gent"
FO-50-01699,"Bruidspaar André en Cécile in haar ouderlijk huis, Afsnee, 1955",null,foto,1955-09-10,jaren 1950,"bruidspaar","bruidsboeket",null,null,"huwelijk","Afsnee",null,null
FO-50-01705,"Bruidspaar André en Cécile verlaat de kerk, Afsnee, 1955",null,foto,1955-09-10,jaren 1950,"bruidspaar","bruidsboeket",null,null,"huwelijk","kerk","Afsnee",null
FO-50-01718,"Receptie huwelijk Monique en Michel, Eke, 1958",null,foto,1958-10-04,jaren 1950,"bruidspaar",,,,"huwelijk","feest","Eke",null
FO-50-01719,"Receptie huwelijk Monique en Michel, Eke, 1958",null,foto,1958-10-04,jaren 1950,"bruidspaar",,,,"huwelijk","feest","Eke",null
FO-50-01722,"Trouwfeest Monique en Michel, Eke, 1958",null,foto,1958-10-04,jaren 1950,null,null,null,null,"huwelijk","feest","dans","Eke"
FO-50-01737,"Receptie huwelijk Maurice en Elisabeth, Woumen, 1957",null,foto,1957-08-31,jaren 1950,"bruidspaar",,,,"huwelijk","feest","Woumen",null
FO-50-01738,"Bruid Frida en haar zus in hun ouderlijk huis, Gent, 1959",null,foto,1959-04-11,jaren 1950,"bruid","sluier",null,null,"huwelijk","Gent",null,null
FO-50-01739,"Bruidspaar Frida en Hilaire in haar ouderlijk huis, Gent, 1959",null,foto,1959-04-11,jaren 1950,"bruidspaar","bruidsboeket",null,null,"huwelijk","Gent",null,null
FO-50-01740,"Huwelijksmis Frida en Hilaire, Gent, 1959","De viering vond plaats in de Sint-Elisabethkerk in Gent.",foto,1959-04-11,jaren 1950,"bruidspaar","bruidsboeket","sluier",null,"huwelijk","kerk","Gent",null
FO-50-01741,"Huwelijksmis Frida en Hilaire, Gent, 1959","De viering vond plaats in de Sint-Elisabethkerk in Gent.",foto,1959-04-11,jaren 1950,"bruidspaar",,,,"huwelijk","kerk","Gent",null
FO-50-01750,"Trouwfeest Frida en Hilaire, Gent, 1959",null,foto,1959-04-11,jaren 1950,"bruidspaar",,,,"huwelijk","feest","interieur","Gent"
FO-50-01751,"Openingsdans Frida en Hilaire, Gent, 1959",null,foto,1959-04-11,jaren 1950,"bruidspaar",,,,"huwelijk","dans","feest","Gent"
FO-50-01752,"Bruid Frida danst met haar schoonvader, Gent, 1959",null,foto,1959-04-11,jaren 1950,"bruid",,,,"huwelijk","feest","dans","Gent"
FO-50-01753,"Trouwfeest Frida en Hilaire, Gent, 1959",null,foto,1959-04-11,jaren 1950,null,null,null,null,"huwelijk","feest","dans","Gent"
FO-50-01754,"Trouwfeest Frida en Hilaire, Gent, 1959",null,foto,1959-04-11,jaren 1950,null,null,null,null,"huwelijk","feest","dans","Gent"
FO-50-01755,"Tafel met cadeaus voor bruidspaar Frida en Hilaire, Gent, 1959",null,foto,1959-04-11,jaren 1950,"geschenk",,,,"huwelijk","Gent",null,null
FO-50-01768,"Meisje bij Sinterklaas, 1956",null,foto,1956,jaren 1950,"Sinterklaas",,,,"Sinterklaas",,,
FO-50-01769,"Huilend meisje bij Sinterklaas, 1954",null,foto,1954,jaren 1950,"Sinterklaas",,,,"Sinterklaas",,,
FO-50-01770,"Meisje bij Sinterklaas, 1958",null,foto,1958,jaren 1950,"Sinterklaas",,,,"Sinterklaas",,,
FO-50-01771,"Portret van meisje en Sinterklaas, 1955",null,foto,1955-11,jaren 1950,"Sinterklaas",,,,"Sinterklaas",,,
FO-50-01772,"Broer en zus bij Sinterklaas, 1950",null,foto,1950,jaren 1950,"Sinterklaas",,,,"Sinterklaas",,,
FO-50-01773,"Drie kindjes bij Sinterklaas, Gent, 1957","Deze foto werd genomen in een speelgoedwinkel in de Steendam in Gent. De fotograaf die de foto nam, woonde in dezelfde straat.",foto,1957-12,jaren 1950,"Sinterklaas",,,,"Sinterklaas","Gent","Steendam (Gent)",null
FO-50-01774,"Portret van Sinterklaas, Zwarte Piet en helper met boek, 1956",null,foto,1956,jaren 1950,"Sinterklaas",,,,"Sinterklaas",,,
FO-50-01775,"Drie kinderen bij Sinterklaas, 1955",null,foto,1955,jaren 1950,"Sinterklaas",,,,"Sinterklaas",,,
FO-50-01776,"Kindje geeft een hand aan Sinterklaas, Grand Bazar Gent, 1953","Deze foto werd genomen in de Grand Bazar in de Veldstraat in Gent.",foto,1953,jaren 1950,"Sinterklaas",,,,"Sinterklaas","Gent","Veldstraat (Gent)",null
FO-50-01778,"Neef en nicht bij Sinterklaas, Grand Bazar Gent, ca. 1950","Deze foto werd genomen in de Grand Bazar in de Veldstraat in Gent.",foto,1950,jaren 1950,"Sinterklaas",,,,"Sinterklaas","Gent","Veldstraat (Gent)",null
FO-50-01779,"Meisje bij Sinterklaas, Grand Bazar Gent, ca. 1951","Deze foto werd genomen in de Grand Bazar in de Veldstraat in Gent.",foto,1951,jaren 1950,"Sinterklaas",,,,"Sinterklaas","Gent","Veldstraat (Gent)",null
FO-50-01780,"Jongen met geschenken van Sinterklaas, ca. 1953","Deze jongen ging met de klas naar Sinterklaas.",foto,1953,jaren 1950,"Sinterklaas","bal",null,null,"Sinterklaas","speelgoed","onderwijs",null
FO-50-01781,"Twee kinderen bij Sinterklaas, 1951",null,foto,1951-12-03,jaren 1950,"Sinterklaas",,,,"Sinterklaas",,,
FO-50-01782,"Jongetje bij Sinterklaas, ca. 1959",null,foto,1959,jaren 1950,"Sinterklaas",,,,"Sinterklaas",,,
FO-50-01783,"Jongetje bij Sinterklaas, Gent, 1951",null,foto,1951,jaren 1950,"Sinterklaas",,,,"Sinterklaas","Gent",null,null
FO-50-01784,"Meisje bij Sinterklaas, Gent, 1952",null,foto,1952,jaren 1950,"Sinterklaas",,,,"Sinterklaas","Gent",null,null
FO-50-01785,"Meisje bij Sinterklaas, Gent, 1953",null,foto,1953-12-01,jaren 1950,"Sinterklaas",,,,"Sinterklaas","Gent",null,null
FO-50-01788,"Meisje bij Sinterklaas, ca. 1957",null,foto,1957,jaren 1950,"Sinterklaas",,,,"Sinterklaas",,,
FO-50-01811,"Meisje bij Sinterklaas, 1952",null,foto,1952,jaren 1950,"Sinterklaas",,,,"Sinterklaas",,,
FO-50-01817,"Meisje bij Sinterklaas, Grand Bazar Gent, 1952","De foto werd genomen in de Grand Bazar in de Veldstraat in Gent.",foto,1952-12,jaren 1950,"Sinterklaas",,,,"Sinterklaas","Gent","Veldstraat (Gent)",null
FO-50-01818,"Meisje bij Sinterklaas, Grand Bazar Gent, 1951","De foto werd genomen in de Grand Bazar in de Veldstraat in Gent.",foto,1951-12,jaren 1950,"Sinterklaas",,,,"Sinterklaas","Gent","Veldstraat (Gent)",null
FO-50-01819,"Meisje bij Sinterklaas, Grand Bazar Gent, 1955","De foto werd genomen in de Grand Bazar in de Veldstraat in Gent.",foto,1955-12,jaren 1950,"Sinterklaas",,,,"Sinterklaas","Gent","Veldstraat (Gent)",null
FO-50-01822,"Meisje bij Sinterklaas, Scheldewindeke, 1955-1956",null,foto,1955,jaren 1950,"Sinterklaas",,,,"Sinterklaas","Scheldewindeke",null,null
FO-50-01824,"Kinderen bij Sinterklaas, Congo, 1956","De foto werd genomen in supermarkt Bon Marché in het toenmalige Elisabethstad, Congo.",foto,1956,jaren 1950,"Sinterklaas",,,,"Sinterklaas","Congo",null,null
FO-50-01825,"Drie kinderen bij Sinterklaas, 1957","De foto werd genomen in supermarkt Bon Marché in toenmalig Elisabethstad, Congo.",foto,1957-12,jaren 1950,"Sinterklaas",,,,"Sinterklaas","Congo",null,null
FO-50-01827,"Kindje bij Sinterklaas, 1956",null,foto,1956-12,jaren 1950,"Sinterklaas",,,,"Sinterklaas",,,
FO-50-01828,"Twee kinderen bij Sinterklaas, 1957",null,foto,1957-12,jaren 1950,"Sinterklaas",,,,"Sinterklaas",,,
FO-50-01829,"Kindje met hoed bij Sinterklaas, 1959",null,foto,1959-12,jaren 1950,"Sinterklaas",,,,"Sinterklaas",,,
FO-50-01830,"Kindje bij Sinterklaas, 1959",null,foto,1959-12,jaren 1950,"Sinterklaas",,,,"Sinterklaas",,,
FO-50-01831,"Twee kinderen bij Sinterklaas, 1958",null,foto,1958-12,jaren 1950,"Sinterklaas",,,,"Sinterklaas",,,
FO-50-01832,"Meisje bij Sinterklaas, ca. 1951",null,foto,1951,jaren 1950,"Sinterklaas",,,,"Sinterklaas",,,
FO-50-01833,"Kindje bij Sinterklaas, Grand Bazar Gent, 1957",null,foto,1957,jaren 1950,"Sinterklaas",,,,"Sinterklaas","Gent","Veldstraat (Gent)",null
FO-50-01855,"Meisje bij Sinterklaas, Grand Bazar Gent, ca. 1956",null,foto,1956,jaren 1950,"Sinterklaas",,,,"Sinterklaas","Gent","Veldstraat (Gent)",null
FO-50-01856,"Twee meisjes bij Sinterklaas, Grand Bazar Gent, ca. 1959",null,foto,1959,jaren 1950,"Sinterklaas",,,,"Sinterklaas","Gent","Veldstraat (Gent)",null
FO-60-00050,"Bruidspaar André en Georgette bij auto, Sint-Martens-Latem, 1966",null,foto,1966-07-02,jaren 1960,"bruidspaar","auto",null,null,"huwelijk","vervoer","Sint-Martens-Latem",null
FO-60-00051,"Huwelijk André en Georgette, Sint-Martens-Latem, 1966",null,foto,1966-07-02,jaren 1960,"bruidspaar",,,,"huwelijk","Sint-Martens-Latem",null,null
FO-60-00052,"Receptie trouwfeest, Sint-Martens-Latem, 1966",null,foto,1966-07-02,jaren 1960,"behang",,,,"huwelijk","feest","interieur","huiskamer"
FO-60-00170,"Huwelijk Emile en Marie-Thérèse, Beervelde, 1969","De foto werd genomen in het park van Beervelde.",foto,1969-11,jaren 1960,"bruidspaar","bruidsboeket",null,null,"huwelijk","park","Beervelde",null
FO-60-00314,"Huwelijk Daniel en Marie Cecile, Deinze, 1960","De foto werd genomen aan het Kasteel van Ooidonk.",foto,1960-07-07,jaren 1960,"bruidsboeket","bruidspaar","auto",null,"huwelijk","vervoer","Deinze","park"
FO-60-00374,"Huwelijksportret van bruidspaar tijdens openingsdans, Gent, 1969",null,foto,1969-09-03,jaren 1960,"bruidspaar",,,,"huwelijk","feest","dans","Gent"
FO-60-00425,"Huwelijk Emilien en Diane, 1964",null,foto,1964,jaren 1960,"bruidsboeket","bruidspaar","televisie",null,"huwelijk","interieur","huiskamer",null
FO-60-00944,"Bruidspaar Janvier en Odette aan auto, 1964",null,foto,1964-05-16,jaren 1960,"bruidspaar","auto","bruidsboeket",null,"huwelijk","vervoer",null,null
FO-60-00946,"Bruidspaar Jo en Guido in auto, 1969",null,foto,1969-08-16,jaren 1960,"bruidspaar","auto",null,null,"huwelijk","vervoer",null,null
FO-60-00947,"Bruidspaar Jo en Guido in woonkamer, 1969",null,foto,1969-08-16,jaren 1960,"bruidspaar","bruidsboeket","televisie",null,"huwelijk","interieur","huiskamer",null
FO-60-00995,"Huwelijk Martine en Georges, jaren 1960",null,foto,null,jaren 1960,"bruidspaar","auto",null,null,"huwelijk","vervoer",null,null
FO-60-01003,"Bruidspaar William en Denise in auto, 1960",null,foto,1960-04-26,jaren 1960,"bruidspaar","auto",null,null,"huwelijk","vervoer",null,null
FO-60-01009,"Bruid Rosette wacht bruidegom op, Zwijnaarde, 1967",null,foto,1967-09-16,jaren 1960,"bruid","plant","bloem (plant)","behang","huwelijk","interieur","huiskamer","Zwijnaarde"
FO-60-01010,"Bruidegom Roger komt aan bij bruid, Zwijnaarde, 1967",null,foto,1967-09-16,jaren 1960,"bruidspaar","bruidsboeket",null,null,"huwelijk","interieur","Zwijnaarde",null
FO-60-01011,"Bruidspaar Roger en Rosette in ouderlijk huis, Zwijnaarde, 1967",null,foto,1967-09-16,jaren 1960,"bruidspaar","bruidsboeket","behang",null,"huwelijk","interieur","huiskamer","Zwijnaarde"
FO-60-01020,"Receptie huwelijk Roger en Rosette, Zwijnaarde, 1967",null,foto,1967-09-16,jaren 1960,"bruidspaar","bruidsboeket",null,null,"huwelijk","feest","interieur","huiskamer"
FO-60-01022,"Trouwfoto Roger en Rosette, Maaltepark Gent, 1967",null,foto,1967-09-16,jaren 1960,"bruidspaar",,,,"huwelijk","park","Gent",null
FO-60-01026,"Trouwfoto Roger en Rosette, Maaltepark Gent, 1967",null,foto,1967-09-16,jaren 1960,"bruidspaar","bruidsboeket",null,null,"huwelijk","park","Gent",null
FO-60-01030,"Bruidspaar Ghislaine en Jacques in woonkamer, jaren 1960",null,foto,null,jaren 1960,"bruidspaar","bruidsboeket",null,null,"huwelijk","interieur","huiskamer",null
FO-60-01062,"Bruidspaar Hugo en Rosita met familie, Kassel, 1964","Het Belgisch koppel huwde in Kassel, Duitsland, aangezien de bruidegom daar als militair gevestigd was.",foto,1964-05-06,jaren 1960,"bruidspaar","groepsportret",null,null,"huwelijk","Duitsland",null,null
FO-60-01064,"Bruid Dora maakt zich op, Wondelgem, 1967",null,foto,1967-08-05,jaren 1960,"bruid","spiegel","behang",null,"huwelijk","lichaamsverzorging","interieur","Wondelgem"
FO-60-01065,"Gilbert komt aan bij bruid met bruidsboeket, Wondelgem, 1967",null,foto,1967-08-05,jaren 1960,"bruidegom","bruidsboeket",null,null,"huwelijk","Wondelgem",null,null
FO-60-01066,"Bruid Dora ontvangt bruidsboeket, Wondelgem, 1967",null,foto,1967-08-05,jaren 1960,"bruidspaar","bruidsboeket",null,null,"huwelijk","Wondelgem",null,null
FO-60-01068,"Bruidspaar Dora en Gilbert met kindjes aan kerkportaal, Wondelgem, 1967",null,foto,1967-08-05,jaren 1960,"bruidspaar",,,,"huwelijk","Wondelgem",null,null
FO-60-01076,"Bruidspaar Dora en Gilbert tijdens openingsdans, Wondelgem, 1967",null,foto,1967-08-05,jaren 1960,"bruidspaar",,,,"huwelijk","dans","feest","Wondelgem"
FO-60-01094,"Bruidspaar Anita en Jean in auto, Gent, 1963",null,foto,1963-05-29,jaren 1960,"bruidspaar","auto",null,null,"huwelijk","vervoer","Gent",null
FO-60-01098,"Bruidspaar Albert en Liliane in woonkamer, Zwijnaarde, 1962",null,foto,1962-10-20,jaren 1960,"bruidspaar","bruidsboeket",null,null,"huwelijk","Zwijnaarde",null,null
FO-60-01101,"Huwelijk Albert en Liliane, Zwijnaarde, 1962",null,foto,1962-10-20,jaren 1960,"bruidspaar",,,,"huwelijk","feest","Zwijnaarde",null
FO-60-01108,"Bruidegom Roland komt aan bij bruid, Merelbeke, 1960",null,foto,1960-08-13,jaren 1960,"bruidegom","bruidsboeket",null,null,"huwelijk","Merelbeke",null,null
FO-60-01109,"Bruidspaar Jacqueline en Roland in woonkamer, Merelbeke, 1960",null,foto,1960-08-13,jaren 1960,"bruidspaar","bruidsboeket",null,null,"huwelijk","Merelbeke",null,null
FO-60-01110,"Bruidspaar Jacqueline en Roland in woonkamer, Merelbeke, 1960",null,foto,1960-08-13,jaren 1960,"bruidspaar",,,,"huwelijk","feest","Merelbeke",null
FO-60-01111,"Bruidspaar Jacqueline en Roland aan kerk, Merelbeke Flora, 1960",null,foto,1960-08-13,jaren 1960,"bruidspaar","bruidsboeket",null,null,"huwelijk","kerk","Merelbeke",null
FO-60-01116,"Bruidegom Achiel komt aan bij bruid, Zandbergen, 1960",null,foto,1960-10-20,jaren 1960,"bruidegom","bruidsboeket",null,null,"huwelijk","Zandbergen",null,null
FO-60-01117,"Bruid Diane in woonkamer, Zandbergen, 1960",null,foto,1960-10-20,jaren 1960,"bruid","plant",null,null,"huwelijk","interieur","huiskamer","Zandbergen"
FO-60-01118,"Bruidspaar Diane en Achiel in woonkamer, Zandbergen, 1960",null,foto,1960-10-20,jaren 1960,"bruidspaar","bruidsboeket",null,null,"huwelijk","interieur","huiskamer","Zandbergen"
FO-60-01122,"Bruid Diane krijgt kruisje van moeder, Zandbergen, 1960",null,foto,1960-10-20,jaren 1960,"bruid","bruidsboeket",null,null,"huwelijk","Zandbergen",null,null
FO-60-01126,"Bruidegom Achiel draagt zijn bruid Diane, Zandbergen, 1960",null,foto,1960-10-20,jaren 1960,"bruidspaar",,,,"huwelijk","Zandbergen",null,null
FO-60-01136,"Huwelijksmis Diane en Achiel , Zandbergen, 1960",null,foto,1960-10-20,jaren 1960,"bruidspaar","ring (sieraad)",null,null,"huwelijk","kerk","Zandbergen",null
FO-60-01193,"Huwelijk Edith en Gilbert, Sint-Amandsberg, 1966",null,foto,1966-04-16,jaren 1960,"bruidspaar","bruidsboeket","bloem (plant)",null,"huwelijk","Sint-Amandsberg",null,null
FO-60-01194,"Huwelijk Edith en Gilbert, Sint-Amandsberg, 1966",null,foto,1966-04-16,jaren 1960,"bruidspaar",,,,"huwelijk","feest","Sint-Amandsberg",null
FO-60-01195,"Edith en Gilbert snijden bruidstaart aan, Sint-Amandsberg, 1966","Het feest, onder familie, vond plaats in een zaaltje van een café in Sint-Amandsberg.",foto,1966-04-16,jaren 1960,"bruidspaar","taart",null,null,"huwelijk","feest","Sint-Amandsberg",null
FO-60-01196,"Huwelijk Edith en Gilbert, Sint-Amandsberg, 1966","Het feest, onder familie, vond plaats in een zaaltje van een café in Sint-Amandsberg.",foto,1966-04-16,jaren 1960,"bruidspaar","jukebox",null,null,"huwelijk","feest","dans","Sint-Amandsberg"
FO-60-01199,"Bruidskindjes tijdens huwelijk Herman en Hilde, Gent, 1961","De huwelijksviering vond plaats in de Sint-Elisabethkerk in het Sint-Elisabethbegijnhof in Gent, drie dagen na de burgerlijke trouw.",foto,1961-04-29,jaren 1960,"bruidspaar",,,,"huwelijk","kerk","Gent",null
FO-60-01204,"Receptie huwelijk Herman en Hilde, Gent, 1961",null,foto,1961-04-29,jaren 1960,"bruidspaar",,,,"huwelijk","feest","Gent",null
FO-60-01207,"Bruidspaar Herman en Hilde en genodigden aan tafel, Gent, 1961",null,foto,1961-04-29,jaren 1960,"bruidspaar",,,,"huwelijk","feest","interieur","Gent"
FO-60-01208,"Openingsdans Herman en Hilde, Gent, 1961","De openingsdans vond plaats op het tangonummer Ole Guappa van Malando.",foto,1961-04-29,jaren 1960,"bruidspaar",,,,"huwelijk","dans","feest","Gent"
FO-60-01209,"Bruidspaar Herman en Hilde met cadeau, Gent, 1961",null,foto,1961-04-29,jaren 1960,"bruidspaar",,,,"huwelijk","feest","Gent",null
FO-60-01300,"Suite van huwelijk Christiane en Werner, Zelzate, 1969",null,foto,1969-06-07,jaren 1960,"bruidspaar",,,,"huwelijk","Zelzate",null,null
FO-60-01302,"Bruid Christiane gaat de kerk binnen, Zelzate, 1969","De huwelijksmis vond plaats in de St. Laurentiuskerk van Zelzate.",foto,1969-06-07,jaren 1960,"bruid",,,,"huwelijk","kerk","Zelzate",null
FO-60-01303,"Bruidspaar Christiane en Werner aan altaar, Zelzate, 1969","De huwelijksmis vond plaats in de St. Laurentiuskerk van Zelzate.",foto,1969-06-07,jaren 1960,"bruidspaar",,,,"huwelijk","kerk","Zelzate",null
FO-60-01304,"Bruidspaar Christiane en Werner verlaat de kerk, Zelzate, 1969","De huwelijksmis vond plaats in de St. Laurentiuskerk van Zelzate.",foto,1969-06-07,jaren 1960,"bruidspaar","bruidsboeket",null,null,"huwelijk","kerk","Zelzate",null
FO-60-01306,"Huwelijk Christiane en Werner, Zelzate, 1969",null,foto,1969-06-07,jaren 1960,"bruidspaar","bruidsboeket",null,null,"huwelijk","feest","Zelzate",null
FO-60-01307,"Christiane en Werner snijden de bruidstaart aan, Zelzate, 1969",null,foto,1969-06-07,jaren 1960,"bruidspaar","taart",null,null,"huwelijk","feest","Zelzate",null
FO-60-01344,"Bruid Dorothy ontvangt bruidsboeket van Maurice, 1965",null,foto,1965-10-30,jaren 1960,"bruidspaar","bruidsboeket",null,null,"huwelijk",,,
FO-60-01351,"Receptie huwelijk George en Georgette, Gent, 1961",null,foto,1961-07-08,jaren 1960,"bruidspaar","bruidsboeket","behang",null,"huwelijk","feest","interieur","huiskamer"
FO-60-01363,"Huwelijk Franky en Anne-Marie, 1966",null,foto,1966-04-04,jaren 1960,"bruidspaar",,,,"huwelijk",,,
FO-60-01364,"Huwelijk Franky en Anne-Marie, 1966",null,foto,1966-04-04,jaren 1960,"bruidspaar","zwaan",null,null,"huwelijk",,,
FO-60-01365,"Huwelijk Franky en Anne-Marie, 1966",null,foto,1966-04-04,jaren 1960,"bruidspaar","auto",null,null,"huwelijk","vervoer",null,null
FO-60-01386,"Bruidegom Rudi komt aan met bruidsboeket, Gentbrugge, 1967",null,foto,1967-05-18,jaren 1960,"bruidspaar","bruidsboeket",null,null,"huwelijk","Gentbrugge",null,null
FO-60-01387,"Bruidspaar Isabelle en Rudi in ouderlijke woning bruid, Gentbrugge, 1967",null,foto,1967-05-18,jaren 1960,"bruidspaar","bruidsboeket",null,null,"huwelijk","Gentbrugge",null,null
FO-60-01390,"Bruidspaar Isabelle en Rudi in kerkportaal, Gentbrugge, 1967",null,foto,1967-05-18,jaren 1960,"bruidspaar","bruidsboeket",null,null,"huwelijk","kerk","Gentbrugge",null
FO-60-01392,"Trouwreceptie Isabelle en Rudi, Gentbrugge, 1967",null,foto,1967-05-18,jaren 1960,"bruidspaar",,,,"huwelijk","feest","Gentbrugge",null
FO-60-01394,"Bruidspaar Isabelle en Rudi in auto, Gentbrugge, 1967",null,foto,1967-05-18,jaren 1960,"bruidspaar","auto",null,null,"huwelijk","vervoer","Gentbrugge",null
FO-60-01413,"Bruidspaar Lucien en Agnes en familie toosten, Assenede, 1962",null,foto,1962-08-18,jaren 1960,"bruidspaar",,,,"huwelijk","feest","Assenede",null
FO-60-01414,"Huwelijksmis Lucien en Agnes, Assenede, 1962",null,foto,1962-08-18,jaren 1960,"bruidspaar",,,,"huwelijk","kerk","Assenede",null
FO-60-01416,"Bruidspaar Lucien en Agnes verlaat de kerk, Assenede, 1962",null,foto,1962-08-18,jaren 1960,"bruidspaar","bruidsboeket",null,null,"huwelijk","kerk","Assenede",null
FO-60-01417,"Bruidspaar Lucien en Agnes in kerkportaal, Assenede, 1962",null,foto,1962-08-18,jaren 1960,"bruidspaar","bruidsboeket",null,null,"huwelijk","kerk","Assenede",null
FO-60-01418,"Bruidspaar Lucien en Agnes in auto, Assenede, 1962",null,foto,1962-08-18,jaren 1960,"bruidspaar","auto",null,null,"huwelijk","vervoer","Assenede",null
FO-60-01421,"Huwelijk Lutgard en Germain, 1963",null,foto,1963-04-15,jaren 1960,"bruidspaar","bruidsboeket",null,null,"huwelijk",,,
FO-60-01422,"Huwelijk Monique en Gilbert, Gent, 1962",null,foto,1962-04-17,jaren 1960,"bruidspaar","bruidsboeket","studioportret",null,"huwelijk","Gent",null,null
FO-60-01429,"Huwelijk Ivo en Christiane, Rotselaar, 1968","De foto met de bruidskindjes werd gemaakt in de tuin van het Monfortaans College in Rotselaar.",foto,1968-04-20,jaren 1960,"bruidspaar","bruidsboeket",null,null,"huwelijk","park","Rotselaar",null
FO-60-01430,"Huwelijk Eric en Marie-Thérèse, Zwijnaarde, 1969",null,foto,1969-08-30,jaren 1960,"bruidspaar","bruidsboeket",null,null,"huwelijk","Zwijnaarde",null,null
FO-60-01431,"Huwelijk Eric en Marie-Thérèse, stadhuis Zwijnaarde, 1969",null,foto,1969-08-30,jaren 1960,"bruidspaar",,,,"huwelijk","Zwijnaarde",null,null
FO-60-01432,"Huwelijk Eric en Marie-Thérèse, stadhuis Zwijnaarde, 1969",null,foto,1969-08-30,jaren 1960,"bruidspaar",,,,"huwelijk","Zwijnaarde",null,null
FO-60-01433,"Bruidspaar Eric en Marie-Thérèse in kerkportaal, Zwijnaarde, 1969",null,foto,1969-08-30,jaren 1960,"bruidspaar","bruidsboeket",null,null,"huwelijk","kerk","Zwijnaarde",null
FO-60-01434,"Bruidspaar Eric en Marie-Thérèse in kerkportaal, Zwijnaarde, 1969",null,foto,1969-08-30,jaren 1960,"bruidspaar","bruidsboeket",null,null,"huwelijk","kerk","Zwijnaarde",null
FO-60-01435,"Bruidspaar Eric en Marie-Thérèse verlaat de kerk, Zwijnaarde, 1969",null,foto,1969-08-30,jaren 1960,"bruidspaar",,,,"huwelijk","Zwijnaarde",null,null
FO-60-01436,"Receptie huwelijk Eric en Marie-Thérèse, Zwijnaarde, 1969",null,foto,1969-08-30,jaren 1960,"bruidspaar",,,,"huwelijk","feest","Zwijnaarde",null
FO-60-01437,"Bruidspaar Eric en Marie-Thérèse in park, Zwijnaarde, 1969",null,foto,1969-08-30,jaren 1960,"bruidspaar","bruidsboeket",null,null,"huwelijk","park","Zwijnaarde",null
FO-60-01438,"Bruidspaar Eric en Marie-Thérèse met familie, Zwijnaarde, 1969",null,foto,1969-08-30,jaren 1960,"bruidspaar","groepsportret",null,null,"huwelijk","Zwijnaarde",null,null
FO-60-01439,"Bruidspaar Eric en Marie-Thérèse, Zwijnaarde, 1969",null,foto,1969-08-30,jaren 1960,"bruidspaar","sleep","bruidsboeket",null,"huwelijk","park","Zwijnaarde",null
FO-60-01442,"Bruidspaar Luc en Jacqueline, park Merelbeke, 1965",null,foto,1965-08-05,jaren 1960,"bruidspaar","bruidsboeket",null,null,"huwelijk","park","Merelbeke",null
FO-60-01443,"Bruidegom Luc haalt bruid Jacqueline op, Gent, 1965",null,foto,1965-08-05,jaren 1960,"bruidspaar","bruidsboeket",null,null,"huwelijk","Gent",null,null
FO-60-01446,"Huwelijk Luc en Jacqueline, stadhuis Gent, 1965",null,foto,1965-08-05,jaren 1960,"bruidspaar","bruidsboeket",null,null,"huwelijk","Gent",null,null
FO-60-01447,"Huwelijk Luc en Jacqueline, stadhuis Gent, 1965",null,foto,1965-08-05,jaren 1960,"bruidspaar",,,,"huwelijk","Gent",null,null
FO-60-01451,"Bruidspaar Luc en Jacqueline verlaat de kerk, Gent, 1965","De viering vond plaats in de Sint-Michielskerk in Gent.",foto,1965-08-05,jaren 1960,"bruidspaar","bruidsboeket",null,null,"huwelijk","kerk","Gent",null
FO-60-01452,"Receptie huwelijk Luc en Jacqueline, Gent, 1965",null,foto,1965-08-05,jaren 1960,"bruidspaar",,,,"huwelijk","feest","Gent",null
FO-60-01453,"Bruidspaar Luc en Jacqueline, park Merelbeke, 1965",null,foto,1965-08-05,jaren 1960,"bruidspaar",,,,"huwelijk","park","Merelbeke",null
FO-60-01455,"Trouwfeest Luc en Jacqueline, Merelbeke, 1965","Het trouwfeest vond plaats in feestzaal Nirvana in Merelbeke.",foto,1965-08-05,jaren 1960,"bruidspaar",,,,"huwelijk","feest","Merelbeke",null
FO-60-01456,"Trouwfeest Luc en Jacqueline, Merelbeke, 1965","Het trouwfeest vond plaats in feestzaal Nirvana in Merelbeke.",foto,1965-08-05,jaren 1960,"jukebox",,,,"huwelijk","feest","Merelbeke",null
FO-60-01457,"Openingsdans Luc en Jacqueline, Merelbeke, 1965","Het trouwfeest vond plaats in feestzaal Nirvana in Merelbeke.",foto,1965-08-05,jaren 1960,"bruidspaar",,,,"huwelijk","feest","dans","Merelbeke"
FO-60-01458,"Openingsdans Luc en Jacqueline, Merelbeke, 1965","Het trouwfeest vond plaats in feestzaal Nirvana in Merelbeke.",foto,1965-08-05,jaren 1960,"bruidspaar",,,,"huwelijk","feest","dans","Merelbeke"
FO-60-01459,"Trouwfeest Luc en Jacqueline, Merelbeke, 1965","Het trouwfeest vond plaats in feestzaal Nirvana in Merelbeke.",foto,1965-08-05,jaren 1960,"bruidspaar",,,,"huwelijk","feest","dans","Merelbeke"
FO-60-01461,"Receptie huwelijk Emile en Marie-Thérèse, Beervelde, 1969",null,foto,1969-11,jaren 1960,"bruidspaar","bruidsboeket",null,null,"feest","huwelijk","Beervelde",null
FO-60-01462,"Bruidspaar Emile en Marie-Thérèse, Beervelde, 1969",null,foto,1969-11,jaren 1960,"bruidspaar","bruidsboeket",null,null,"huwelijk","Beervelde",null,null
FO-60-01463,"Aankomst bruidspaar Emile en Marie-Thérèse aan gemeentehuis, Beervelde, 1969",null,foto,1969-11,jaren 1960,"bruidspaar",,,,"huwelijk","Beervelde",null,null
FO-60-01464,"Suite op huwelijk Emile en Marie-Thérèse, Beervelde, 1969",null,foto,1969-11,jaren 1960,"bruidspaar",,,,"huwelijk","Beervelde",null,null
FO-60-01466,"Trouwfeest Emile en Marie-Thérèse, Beervelde, 1969",null,foto,1969-11,jaren 1960,"bruidspaar",,,,"huwelijk","feest","Beervelde",null
FO-60-01467,"Bruidspaar Emile en Marie-Thérèse snijden de bruidstaart aan, Beervelde, 1969",null,foto,1969-11,jaren 1960,"bruidspaar","taart",null,null,"huwelijk","feest","Beervelde",null
FO-60-01471,"Huwelijk Jeanne en Michel, De Pinte, 1961",null,foto,1961-04-20,jaren 1960,"bruidspaar","auto","Volkswagen",null,"huwelijk","vervoer","De Pinte",null
FO-60-01472,"Bruid Georgette wacht op bruidegom, Sint-Martens-Latem, 1966",null,foto,1966-07-02,jaren 1960,"bruid",,,,"huwelijk","Sint-Martens-Latem",null,null
FO-60-01473,"Bruidegom André komt aan bij bruid, Sint-Martens-Latem, 1966",null,foto,1966-07-02,jaren 1960,"bruidegom","bruidsboeket",null,null,"huwelijk","Sint-Martens-Latem",null,null
FO-60-01474,"Bruidspaar André en Georgette, Sint-Martens-Latem, 1966",null,foto,1966-07-02,jaren 1960,"bruidspaar","bruidsboeket",null,null,"huwelijk","interieur","huiskamer","Sint-Martens-Latem"
FO-60-01478,"Receptie huwelijk André en Georgette, Sint-Martens-Latem, 1966",null,foto,1966-07-02,jaren 1960,"bruidspaar",,,,"huwelijk","feest","Sint-Martens-Latem",null
FO-60-01479,"Bruidspaar André en Georgette in bootje, Sint-Martens-Latem, 1966",null,foto,1966-07-02,jaren 1960,"bruidspaar",,,,"huwelijk","park","Sint-Martens-Latem",null
FO-60-01480,"Huwelijksmis Betsie en Walter, Gent, 1968","De viering vond plaats in de Sint-Pauluskerk in Gent.",foto,1968-04-05,jaren 1960,"bruidspaar",,,,"huwelijk","kerk","Gent",null
FO-60-01481,"Huwelijksmis Betsie en Walter, Gent, 1968","De viering vond plaats in de Sint-Pauluskerk in Gent.",foto,1968-04-05,jaren 1960,"bruidspaar",,,,"huwelijk","kerk","Gent",null
FO-60-01482,"Bruidspaar Betsie en Walter verlaat de kerk, Gent, 1968","De viering vond plaats in de Sint-Pauluskerk in Gent.",foto,1968-04-05,jaren 1960,"bruidspaar",,,,"huwelijk","Gent",null,null
FO-60-01483,"Receptie huwelijk Betsie en Walter, Gent, 1968",null,foto,1968-04-05,jaren 1960,"bruidspaar",,,,"huwelijk","feest","Gent",null
FO-60-01484,"Trouwfeest Betsie en Walter, Gent, 1968",null,foto,1968-04-05,jaren 1960,"bruidspaar","taart",null,null,"huwelijk","feest","Gent",null
FO-60-01485,"Openingsdans Betsie en Walter, Gent, 1968",null,foto,1968-04-05,jaren 1960,"bruidspaar",,,,"huwelijk","feest","dans","Gent"
FO-60-01489,"Bruidspaar Marie-Louise en Robert, Gent, 1964",null,foto,1964-07-06,jaren 1960,"bruidspaar","bruidsboeket","behang",null,"huwelijk","interieur","huiskamer","Gent"
FO-60-01497,"Twee bruidsparen voor altaar, Gent, 1964","De viering vond plaats in de Sint-Antoniuskerk, in de wijk Meulestede in Gent.",foto,1964-07-06,jaren 1960,"bruidspaar",,,,"huwelijk","kerk","Gent",null
FO-60-01499,"Bruidspaar Marie-Louise en Robert verlaat de kerk, Gent, 1964","De viering vond plaats in de Sint-Antoniuskerk, in de wijk Meulestede, Gent. Kinderen van de jeugdbeweging komen de bruid, hun leidster, bloemen geven.",foto,1964-07-06,jaren 1960,"bruidspaar",,,,"huwelijk","kerk","jeugdbeweging","Gent"
FO-60-01500,"Bruidspaar Marie-Louise en Robert in auto, Gent, 1964",null,foto,1964-07-06,jaren 1960,"bruidspaar","bruidsboeket","auto",null,"huwelijk","vervoer","Gent",null
FO-60-01501,"Receptie huwelijk Marie-Louise en Robert, Gent, 1964",null,foto,1964-07-06,jaren 1960,"bruidspaar",,,,"huwelijk","feest","Gent",null
FO-60-01502,"Twee bruidsparen aan tafel, Gent, 1964","Het trouwfeest vond plaats in Huize Sasseghem, gelegen in de Drabstraat in Gent.",foto,1964-07-06,jaren 1960,"bruidspaar",,,,"huwelijk","feest","Gent",null
FO-60-01503,"Bruidspaar Marie-Louise en Robert, Gent, 1964",null,foto,1964-07-06,jaren 1960,"bruidspaar","zwaan",null,null,"huwelijk","park","Gent",null
FO-60-01504,"Trouwfeest Marie-Louise en Robert, Gent, 1964","Het feest vond plaats in Huize Sasseghem, gelegen in de Drabstraat in Gent.",foto,1964-07-06,jaren 1960,null,null,null,null,"huwelijk","feest","Gent",null
FO-60-01510,"Bruidspaar Jeanine en Maurice verlaat de kerk, Waarschoot, 1966",null,foto,1966-07-16,jaren 1960,"bruidspaar","bruidsboeket",null,null,"huwelijk","Waarschoot",null,null
FO-60-01513,"Huwelijk Jeanine en Maurice, Waarschoot, 1966",null,foto,1966-07-16,jaren 1960,"bruidspaar",,,,"huwelijk","Waarschoot",null,null
FO-60-01515,"Bruidegom Willy komt met zus aan bij bruid, 1966",null,foto,1966-10-08,jaren 1960,"bruidegom","bruidsboeket",null,null,"huwelijk",,,
FO-60-01517,"Bruidspaar Lucienne en Paul, Temse, 1965",null,foto,1965-08-28,jaren 1960,"bruidspaar","bruidsboeket",null,null,"huwelijk","Temse",null,null
FO-60-01521,"Bruidspaar Lucienne en Paul verlaat de kerk, Temse, 1965",null,foto,1965-08-28,jaren 1960,"bruidspaar","bruidsboeket",null,null,"huwelijk","kerk","Temse",null
FO-60-01522,"Bruidspaar Lucienne en Paul in auto, Temse, 1965",null,foto,1965-08-28,jaren 1960,"bruidspaar","bruidsboeket","auto",null,"huwelijk","vervoer","Temse",null
FO-60-01525,"Bruid Anaïs maakt zich klaar, Gent, 1962",null,foto,1962-05-12,jaren 1960,"bruid",,,,"huwelijk","Gent",null,null
FO-60-01527,"Bruidspaar Anaïs en Rudolf in haar ouderlijk huis, Gent, 1962",null,foto,1962-05-12,jaren 1960,"bruidspaar","bruidsboeket",null,null,"huwelijk","Gent",null,null
FO-60-01528,"Burgerlijk huwelijk Anaïs en Rudolf, stadhuis Gent, 1962",null,foto,1962-05-12,jaren 1960,"bruidspaar",,,,"huwelijk","Gent",null,null
FO-60-01529,"Burgerlijk huwelijk Anaïs en Rudolf, stadhuis Gent, 1962",null,foto,1962-05-12,jaren 1960,"bruidspaar",,,,"huwelijk","Gent",null,null
FO-60-01530,"Burgerlijk huwelijk Anaïs en Rudolf, stadhuis Gent, 1962",null,foto,1962-05-12,jaren 1960,"bruidspaar",,,,"huwelijk","Gent",null,null
FO-60-01531,"Huwelijksmis Anaïs en Rudolf, Gent, 1962","De viering vond plaats in de Sint-Jozefkerk in de Wondelgemstraat in Gent.",foto,1962-05-12,jaren 1960,"bruidspaar",,,,"huwelijk","kerk","Gent",null
FO-60-01533,"Bruidspaar Anaïs en Rudolf verlaat de kerk, Gent, 1962","De viering vond plaats in de Sint-Jozefkerk in de Wondelgemstraat, Gent.",foto,1962-05-12,jaren 1960,"bruidspaar","bruidsboeket",null,null,"huwelijk","Gent",null,null
FO-60-01534,"Bruidspaar Anaïs en Rudolf in auto, Gent, 1962",null,foto,1962-05-12,jaren 1960,"bruidspaar","auto","bruidsboeket",null,"huwelijk","vervoer","Gent",null
FO-60-01536,"Receptie huwelijk Anaïs en Rudolf, Gent, 1962",null,foto,1962-05-12,jaren 1960,"bruidspaar",,,,"huwelijk","feest","Gent",null
FO-60-01537,"Bruidspaar Anaïs en Rudolf, park Gentbrugge, 1962",null,foto,1962-05-12,jaren 1960,"bruidspaar","duif",null,null,"park","huwelijk","Gentbrugge",null
FO-60-01538,"Bruidspaar Anaïs en Rudolf, park Gentbrugge, 1962",null,foto,1962-05-12,jaren 1960,"bruidspaar","duif",null,null,"huwelijk","park","Gentbrugge",null
FO-60-01539,"Trouwfoto's Anaïs en Rudolf, park Gentbrugge, 1962",null,foto,1962-05-12,jaren 1960,"bruidspaar",,,,"huwelijk","park","Gentbrugge",null
FO-60-01542,"Bruidspaar Anaïs en Rudolf, Gent, 1962",null,foto,1962-05-12,jaren 1960,"bruidspaar","bruidsboeket",null,null,"huwelijk","Gent",null,null
FO-60-01543,"Eretafel op trouwfeest Anaïs en Rudolf, Gent, 1962",null,foto,1962-05-12,jaren 1960,"bruidspaar",,,,"huwelijk","feest","Gent",null
FO-60-01544,"Trouwfeest Anaïs en Rudolf, Gent, 1962",null,foto,1962-05-12,jaren 1960,"bruidspaar",,,,"huwelijk","feest","Gent",null
FO-60-01545,"Openingsdans Anaïs en Rudolf, Gent, 1962","De openingsdans van het koppel was een tango, op het nummer Olé Guapa van Malando. De begeleidende violist liep mee met het koppel.",foto,1962-05-12,jaren 1960,"bruidspaar",,,,"huwelijk","feest","dans","Gent"
FO-60-01546,"Openingsdans Anaïs en Rudolf, Gent, 1962","De openingsdans van het koppel was een tango, op het nummer Olé Guapa van Malando.",foto,1962-05-12,jaren 1960,"bruidspaar",,,,"huwelijk","feest","dans","Gent"
FO-60-01547,"Trouwfeest Anaïs en Rudolf, Gent, 1962",null,foto,1962-05-12,jaren 1960,"bruidspaar",,,,"huwelijk","dans","feest","Gent"
FO-60-01548,"Openingsdans Anaïs en Rudolf, Gent, 1962","De openingsdans van het koppel was een tango, op het nummer Olé Guapa van Malando. De begeleidende violist liep mee met het koppel.",foto,1962-05-12,jaren 1960,"bruidspaar",,,,"huwelijk","dans","feest","Gent"
FO-60-01549,"Trouwfeest Anaïs en Rudolf, Gent, 1962",null,foto,1962-05-12,jaren 1960,null,null,null,null,"huwelijk","dans","feest","Gent"
FO-60-01550,"Trouwfeest Anaïs en Rudolf, Gent, 1962",null,foto,1962-05-12,jaren 1960,null,null,null,null,"huwelijk","dans","feest","Gent"
FO-60-01551,"Trouwfeest Anaïs en Rudolf, Gent, 1962",null,foto,1962-05-12,jaren 1960,"bruidspaar",,,,"huwelijk","dans","feest","Gent"
FO-60-01564,"Trouwfeest Daniëlla en André, Gent, 1967","Het trouwfeest vond plaats in een zaal in café 't Schuurken, op de Bevrijdingslaan in Gent.",foto,1967-04-29,jaren 1960,"bruidspaar",,,,"huwelijk","feest","Gent",null
FO-60-01566,"Bruidegom Marc komt aan bij ouderlijk huis bruid, Gent, 1969",null,foto,1969-11-29,jaren 1960,"bruidegom","bruidsboeket",null,null,"huwelijk","Gent",null,null
FO-60-01567,"Bruidspaar Jeanine en Marc in haar ouderlijk huis, Gent, 1969",null,foto,1969-11-29,jaren 1960,"bruidspaar","bruidsboeket","behang",null,"huwelijk","interieur","huiskamer","Gent"
FO-60-01570,"Receptie huwelijk Jeanine en Marc, Gent, 1969","Het trouwfeest vond plaats in Le Sommelier op de Koekoeklaan in Gent.",foto,1969-11-29,jaren 1960,"bruidspaar",,,,"huwelijk","feest","Gent",null
FO-60-01571,"Bruid Jeanine met haar bruidsboeket, Gent, 1969",null,foto,1969-11-29,jaren 1960,"bruidspaar","bruidsboeket",null,null,"huwelijk","Gent",null,null
FO-60-01572,"Trouwfeest Jeanine en Marc, Gent, 1969","Het trouwfeest vond plaats in Le Sommelier op de Koekoeklaan in Gent.",foto,1969-11-29,jaren 1960,"bruidspaar","bloem (plant)",null,null,"huwelijk","feest","Gent",null
FO-60-01573,"Trouwfeest Jeanine en Marc, Gent, 1969","Het trouwfeest vond plaats in Le Sommelier op de Koekoeklaan in Gent.",foto,1969-11-29,jaren 1960,"bruidspaar",,,,"huwelijk","feest","Gent",null
FO-60-01574,"Bruid Roos verlaat haar ouderlijk huis, Gent, 1967",null,foto,1967-07-29,jaren 1960,"bruid",,,,"huwelijk","Gent",null,null
FO-60-01575,"Bruidspaar Roos en Michel in haar ouderlijk huis, Gent, 1967",null,foto,1967-07-29,jaren 1960,"bruidspaar","bruidsboeket",null,null,"huwelijk","interieur","Gent",null
FO-60-01577,"Huwelijksmis Roos en Michel, Sint-Amandsberg, 1967","De viering vond plaats in cinema Nova in Sint-Amandsberg, aangezien de Sint-Bernadettekerk in opbouw was.",foto,1967-07-29,jaren 1960,"bruid","bruidsboeket",null,null,"huwelijk","kerk","Sint-Amandsberg",null
FO-60-01578,"Bruidspaar Roos en Michel verlaat de kerk, Sint-Amandsberg, 1967","De viering vond plaats in cinema Nova in Sint-Amandsberg, aangezien de Sint-Bernadettekerk in opbouw was.",foto,1967-07-29,jaren 1960,"bruidspaar","rijst",null,null,"huwelijk","Sint-Amandsberg",null,null
FO-60-01586,"Bruidspaar Rik en Yo in auto, Deinze, 1961",null,foto,1961-06-06,jaren 1960,"bruidsboeket","auto","bruidspaar",null,"huwelijk","vervoer","Deinze",null
FO-60-01591,"Bruidspaar Erna en Willy in haar ouderlijk huis, Loppem, 1969",null,foto,1969-07-10,jaren 1960,"bruidspaar","bruidsboeket",null,null,"huwelijk","Loppem",null,null
FO-60-01592,"Bruidspaar Erna en Willy en suite op weg naar de kerk, Loppem, 1969",null,foto,1969-07-10,jaren 1960,"bruidspaar",,,,"huwelijk","Loppem",null,null
FO-60-01593,"Burgerlijk huwelijk Erna en Willy, gemeentehuis Loppem, 1969",null,foto,1969-07-10,jaren 1960,"bruidspaar","bruidsboeket",null,null,"huwelijk","Loppem",null,null
FO-60-01594,"Burgerlijk huwelijk Erna en Willy, gemeentehuis Loppem, 1969",null,foto,1969-07-10,jaren 1960,"bruidspaar","bruidsboeket",null,null,"huwelijk","Loppem",null,null
FO-60-01595,"Huwelijk Erna en Willy, Loppem, 1969",null,foto,1969-07-10,jaren 1960,"bruidspaar","bruidsboeket",null,null,"huwelijk","Loppem",null,null
FO-60-01597,"Bruidspaar Erna en Willy met bruidsmeisjes, Loppem, 1969",null,foto,1969-07-10,jaren 1960,"bruidspaar","bruidsboeket",null,null,"huwelijk","kerk","Loppem",null
FO-60-01598,"Receptie huwelijk Erna en Willy, Loppem, 1969",null,foto,1969-07-10,jaren 1960,"bruidspaar",,,,"huwelijk","feest","Loppem",null
FO-60-01599,"Bruidspaar Erna en Willy met familie, Loppem, 1969",null,foto,1969-07-10,jaren 1960,"bruidspaar",,,,"huwelijk","Loppem",null,null
FO-60-01612,"Huwelijk Georgette en Arthur, Gent, 1962",null,foto,1962-09-26,jaren 1960,"bruidspaar","bruidsboeket",null,null,"huwelijk","Gent",null,null
FO-60-01616,"Huwelijk Georgette en Arthur, Gent, 1962",null,foto,1962-09-26,jaren 1960,"bruidspaar","bruidsboeket",null,null,"huwelijk","Gent",null,null
FO-70-00002,"Imelda en William met bruidskinderen in Maaltepark, Gent, 1970",null,foto,1970-08-21,jaren 1970,"bruidspaar","bruidsboeket",null,null,"huwelijk","park","Gent",null
FO-70-00003,"William komt aan bij ouderlijk huis van aanstaande, Sint-Denijs-Westrem, 1970",null,foto,1970-08-21,jaren 1970,"auto","bruidsboeket","bruidegom",null,"huwelijk","Sint-Denijs-Westrem",null,null
FO-70-00005,"Openingsdans Imelda en William, 1970",null,foto,1970-08-21,jaren 1970,"bruidspaar",,,,"huwelijk","dans","feest",null
FO-70-00100,"Huwelijk Josiane en Willy, Beervelde, 1971",null,foto,1971-10-09,jaren 1970,"bruidsboeket","bruidspaar",null,null,"huwelijk","mode","Beervelde",null
FO-70-00142,"Bruidspaar ontvangt bloemstuk, Munkzwalm, 1976",null,foto,1976,jaren 1970,"bruidspaar","bruidsboeket",null,null,"huwelijk","interieur","Munkzwalm",null
FO-70-00200,"Kris en Guido tijdens openingsdans, 1976",null,foto,1976-07-10,jaren 1970,"bruidspaar",,,,"huwelijk","feest","dans",null
FO-70-00217,"Huwelijk Martine en Luk, 1970",null,foto,1970,jaren 1970,"bruidspaar","bruidsboeket",null,null,"huwelijk",,,
FO-70-00254,"Kinderen bij Sinterklaas, Grand Bazar, 1977",null,foto,1977-10,jaren 1970,"Sinterklaas",,,,"Sinterklaas",,,
FO-70-00399,"Huwelijk Lut en Erik, Gent, 1974",null,foto,1974-05-23,jaren 1970,"bruidspaar","bruidsboeket","behang",null,"huwelijk","interieur","huiskamer","Gent"
FO-70-00401,"Huwelijk Lut en Erik, Gent, 1974",null,foto,1974-05-23,jaren 1970,"bruidspaar",,,,"huwelijk","park","Gent",null
FO-70-00402,"Receptie huwelijk Lut en Erik, Gent, 1974",null,foto,1974-05-23,jaren 1970,"bruidspaar","bruidsboeket",null,null,"huwelijk","feest","Gent",null
FO-70-00424,"Gouden jubilarissen bij bloemen en huwelijksportret, Gent, 1973",null,foto,1973,jaren 1970,"bloem (plant)",,,,"jubileum","huwelijk","feest","Gent"
FO-70-00530,"Magda en Michaël verlaten het ouderlijk huis, Bottelare, 1970",null,foto,1970-08-26,jaren 1970,"bruidspaar","bruidsboeket",null,null,"huwelijk","Bottelare",null,null
FO-70-00531,"Magda en Michaël in suite, Bottelare, 1970",null,foto,1970-08-26,jaren 1970,"bruidspaar",,,,"huwelijk","kerk","Bottelare",null
FO-70-00535,"Huwelijk Jose en Rita, Merelbeke, 1975",null,foto,1975,jaren 1970,"bruidspaar","bruidsboeket",null,null,"huwelijk","Merelbeke",null,null
FO-70-00542,"Bruidspaar Dirk en Trees met familie, 1976",null,foto,1976-07-02,jaren 1970,"bruidspaar","bruidsboeket","groepsportret",null,"huwelijk",,,
FO-70-00662,"Huwelijk Marleen en Louis, Viversel, 1978",null,foto,1978,jaren 1970,"bruidspaar","bruidsboeket",null,null,"huwelijk","park","Viversel",null
FO-70-00809,"Bruidspaar Lut en Jan bij 2pk'tje, Evergem, 1976",null,foto,1976-08-28,jaren 1970,"auto","Citroën","bruidspaar",null,"huwelijk","vervoer","Evergem",null
FO-70-00844,"Huwelijk Mona en Rudy, Gent, 1977",null,foto,1977-05-17,jaren 1970,"bruidspaar","bruidsboeket",null,null,"huwelijk","Gent",null,null
FO-70-00908,"Huwelijksportret, 1977",null,foto,1977,jaren 1970,"bruidspaar",,,,"huwelijk","bos",null,null
FO-70-00912,"Openingsdans huwelijk, 1977",null,foto,1977,jaren 1970,"bruidspaar",,,,"huwelijk","feest","dans",null
FO-70-01000,"Huwelijksmis Aimé en Mireille, Brugge, 1974",null,foto,1974-04-19,jaren 1970,"bruidspaar",,,,"huwelijk","kerk","Brugge",null
FO-70-01003,"Receptie huwelijk Aimé en Mireille, Brugge, 1974",null,foto,1974-04-19,jaren 1970,"bruidspaar",,,,"huwelijk","feest","Brugge",null
FO-70-01005,"Bruidspaar Patricia en Nicola met bruidskindjes, Gent, 1978",null,foto,1978,jaren 1970,"bruidspaar",,,,"huwelijk","Gent",null,null
FO-70-01006,"Bruidspaar Rita en Freddy met familie, Maaltepark Gent, 1975",null,foto,1975-12-08,jaren 1970,"bruidspaar",,,,"huwelijk","park","Gent",null
FO-70-01007,"Bruidspaar Rita en Freddy aan auto, Gent, 1975",null,foto,1975-12-08,jaren 1970,"bruidspaar","auto",null,null,"huwelijk","vervoer","Gent",null
FO-70-01010,"Receptie huwelijk Frank en Caroline, Aalst, 1977",null,foto,1977-11-11,jaren 1970,"bruidspaar",,,,"huwelijk","feest","Aalst",null
FO-70-01012,"Bruidspaar Frank en Caroline verlaat de kerk, 1977",null,foto,1977-11-11,jaren 1970,"bruidspaar","bruidsboeket",null,null,"huwelijk","kerk",null,null
FO-70-01014,"Koppel viert diamanten bruiloft, 1970",null,foto,1970,jaren 1970,"bloem (plant)","vlag","tuin",null,"jubileum","huwelijk","feest",null
FO-70-01016,"Groepsportret voor diamanten jubileum, 1970",null,foto,1970,jaren 1970,"groepsportret","bloem (plant)",null,null,"jubileum","huwelijk","feest",null
FO-70-01019,"Huwelijk Caty en Emmanuel, 1974",null,foto,1974,jaren 1970,"bruidspaar","bruidsboeket",null,null,"huwelijk",,,
FO-70-01024,"Bruid Rita en haar zussen, Sint-Martens-Latem, 1970",null,foto,1970-09-05,jaren 1970,"bruid","plant","behang",null,"huwelijk","interieur","huiskamer","Sint-Martens-Latem"
FO-70-01025,"Bruidegom Etienne komt aan bij bruid, Sint-Martens-Latem, 1970",null,foto,1970-09-05,jaren 1970,"bruidegom","bruidsboeket",null,null,"huwelijk","Sint-Martens-Latem",null,null
FO-70-01026,"Bruidspaar Rita en Etienne in haar ouderlijk huis, Sint-Martens-Latem, 1970",null,foto,1970-09-05,jaren 1970,"bruidspaar","bruidsboeket",null,null,"huwelijk","interieur","Sint-Martens-Latem",null
FO-70-01029,"Bruid Rita en haar vader aan gemeentehuis, Sint-Martens-Latem, 1970",null,foto,1970-09-05,jaren 1970,"bruid","bruidsboeket",null,null,"huwelijk","Sint-Martens-Latem",null,null
FO-70-01030,"Bruidspaar Rita en Etienne met familie, gemeentehuis Sint-Martens-Latem, 1970",null,foto,1970-09-05,jaren 1970,"bruidspaar",,,,"huwelijk","Sint-Martens-Latem",null,null
FO-70-01033,"Bruidspaar Rita en Etienne en suite, Sint-Martens-Latem, 1970","Het hele gezelschap is te voet op weg van het gemeentehuis van Sint-Martens-Latem naar de kerk.",foto,1970-09-05,jaren 1970,null,null,null,null,"huwelijk","Sint-Martens-Latem",null,null
FO-70-01035,"Bruidspaar Rita en Etienne verlaat de kerk, Sint-Martens-Latem, 1970",null,foto,1970-09-05,jaren 1970,"bruidspaar","bruidsboeket",null,null,"huwelijk","kerk","Sint-Martens-Latem",null
FO-70-01036,"Bruidspaar Rita en Etienne verlaat de kerk, Sint-Martens-Latem, 1970",null,foto,null,jaren 1970,"bruidspaar","bloem (plant)",null,null,"huwelijk","kerk","Sint-Martens-Latem",null
FO-70-01038,"Bruidspaar Rita en Etienne en familie, Maaltepark Gent, 1970",null,foto,1970-09-05,jaren 1970,"bruidspaar",,,,"huwelijk","park","Gent",null
FO-70-01039,"Trouwfeest Rita en Etienne, Chalet De Warande, 1970",null,foto,1970-09-05,jaren 1970,"bruidspaar",,,,"huwelijk","feest",null,null
FO-70-01040,"Openingsdans Rita en Etienne, Chalet De Warande, 1970",null,foto,1970-09-05,jaren 1970,"bruidspaar",,,,"huwelijk","feest","dans",null
FO-70-01041,"Openingsdans Rita en Etienne, Chalet De Warande, 1970",null,foto,1970-09-05,jaren 1970,"bruidspaar",,,,"huwelijk","dans","feest",null
FO-70-01042,"Trouwfeest Rita en Etienne, Chalet De Warande, 1970",null,foto,1970-09-05,jaren 1970,"bruidspaar",,,,"huwelijk","dans","feest",null
FO-70-01043,"Trouwfeest Rita en Etienne, Chalet De Warande, 1970",null,foto,1970-09-05,jaren 1970,"bruidspaar",,,,"huwelijk","dans","feest",null
FO-70-01044,"Trouwfeest Rita en Etienne, Chalet De Warande, 1970",null,foto,1970-09-05,jaren 1970,"bruidegom",,,,"huwelijk","dans","feest",null
FO-70-01046,"Bruidspaar Rita en Freddy in woonkamer bruid, Gent, 1975",null,foto,1975-12-08,jaren 1970,"bruidspaar","bruidsboeket",null,null,"huwelijk","interieur","Gent",null
FO-70-01049,"Huwelijk Rita en Freddy, stadhuis Gent, 1975",null,foto,1975-12-08,jaren 1970,"bruidspaar",,,,"huwelijk","Gent",null,null
FO-70-01050,"Bruidspaar Rita en Freddy in kerkportaal, Gent, 1975",null,foto,1975-12-08,jaren 1970,"bruidspaar","bruidsboeket",null,null,"huwelijk","kerk","Gent",null
FO-70-01051,"Bruidspaar Rita en Freddy met familie, Gent, 1975",null,foto,1975-12-08,jaren 1970,"bruidspaar","bruidsboeket",null,null,"huwelijk","Gent",null,null
FO-70-01052,"Bruidspaar Rita en Freddy, Gent, 1975",null,foto,1975-12-08,jaren 1970,"bruidspaar","bruidsboeket",null,null,"huwelijk","Gent",null,null
FO-70-01054,"Bruidspaar Rita en Freddy snijden bruidstaart aan, Gent, 1975",null,foto,1975-12-08,jaren 1970,"bruidspaar","taart",null,null,"huwelijk","feest","Gent",null
FO-70-01055,"Bruidegom Marc haalt bruid Bea op, Beveren-Leie, 1971",null,foto,1971-08-19,jaren 1970,"bruidspaar","bruidsboeket",null,null,"huwelijk","interieur",null,null
FO-70-01057,"Bruidspaar Bea en Marc verlaat de kerk, Beveren-Leie, 1971",null,foto,1971-08-19,jaren 1970,"bruidspaar","bruidsboeket",null,null,"huwelijk",,,
FO-70-01058,"Receptie huwelijk Bea en Marc, Oostrozebeke, 1971","Het trouwfeest vond plaats in de feestzaal De Visscherie in Oostrozebeke.",foto,1971-08-19,jaren 1970,"bruidspaar",,,,"huwelijk","feest","Oostrozebeke",null
FO-70-01059,"Huwelijk Bea en Marc, Beveren-Leie, 1971",null,foto,1971-08-19,jaren 1970,"bruidspaar","bruidsboeket",null,null,"huwelijk",,,
FO-80-00053,"Huwelijksportret Martine en Roland, Torhout, 1980",null,foto,1980-08-29,jaren 1980,"bruidspaar","bruidsboeket",null,null,"huwelijk","Torhout",null,null
FO-80-00055,"Bruidspaar Martine en Roland en familie, Torhout, 1980",null,foto,1980-08-29,jaren 1980,"bruidspaar",,,,"huwelijk","Torhout",null,null
FO-80-00129,"Huwelijksportret van Denise en Willy, Gent, 1982","De vrouw op de foto noemt dit haar "Lady Di" periode: zowel wat betreft de kledij als het kapsel spiegelde ze zich als grote fan aan Lady Di.",foto,1982-04-28,jaren 1980,"studioportret","bruidspaar",null,null,"huwelijk","Gent",null,null
FO-80-00289,"Bruidspaar snijdt taart aan, ca. 1980-1983",null,foto,1980,jaren 1980,"taart","bruidspaar",null,null,"huwelijk","feest",null,null
FO-80-00405,"Maria en Jozef en bruidskinderen in auto, Bolderberg, 1986",null,foto,1986,jaren 1980,"bruidspaar","auto",null,null,"huwelijk","vervoer","Bolderberg",null
FO-80-00447,"Bruid Lieve aan auto, 1982",null,foto,1982-04,jaren 1980,"bruid","auto","bruidsboeket",null,"huwelijk",,,
FO-80-00476,"Huwelijk Erik en Martine, 1980",null,foto,1980-11-28,jaren 1980,"bruidspaar","bruidsboeket","behang",null,"huwelijk","interieur",null,null
FO-80-00492,"Bruidspaar in deuropening, 1986",null,foto,1986-05-31,jaren 1980,"bruidspaar","bruidsboeket",null,null,"huwelijk",,,
FO-80-00496,"Bruidspaar Filip en Evelien in woning, 1988",null,foto,1988-09-03,jaren 1980,"bruidspaar","bruidsboeket",null,null,"huwelijk","interieur",null,null
FO-80-00497,"Bruidspaar Filip en Evelien verlaat kerk tussen erehaag, 1988",null,foto,1988-09-03,jaren 1980,"bruidspaar","ballon",null,null,"huwelijk","kerk",null,null
FO-80-00498,"Bruidspaar Filip en Evelien met familie en vrienden aan kerk, 1988",null,foto,1988-09-03,jaren 1980,"bruidspaar",,,,"huwelijk","kerk",null,null
FO-80-00500,"Bruidspaar Filip en Evelien tijdens huwelijksviering, 1988",null,foto,1988-09-03,jaren 1980,"bruidspaar",,,,"huwelijk","kerk",null,null
FO-80-00570,"Bruidegom Gert komt aan bij bruid Carine, Gent, 1981",null,foto,1981-06,jaren 1980,"bruidsboeket","bruidegom",null,null,"huwelijk","Gent",null,null
FO-90-00122,"Bruidspaar bij auto, 1992",null,foto,1992,jaren 1990,"auto","bruidspaar",null,null,"huwelijk","vervoer",null,null
FO-90-00153,"Bruidspaar Geert en Tine met familie, Waregem, 1990",null,foto,1990-07-13,jaren 1990,"bruidspaar","groepsportret",null,null,"huwelijk","park","Waregem",null
FO-90-00157,"Receptie huwelijk Geert en Tine, Waregem, 1990",null,foto,1990-07-13,jaren 1990,"bruidspaar",,,,"huwelijk","feest","Waregem",null
FO-90-00183,"Bruidspaar Nancy en Franky bij auto, Evergem, 1994",null,foto,1994-09-09,jaren 1990,"bruidspaar","auto",null,null,"huwelijk","vervoer","Evergem",null
FO-90-00184,"Huwelijk Nancy en Franky, Evergem, 1994",null,foto,1994-09-09,jaren 1990,"bruidspaar","bruidsboeket",null,null,"huwelijk","Evergem",null,null
FO-90-00190,"Receptie Kristof en Anja, 1998",null,foto,1998-07-04,jaren 1990,"bruidspaar",,,,"huwelijk","feest",null,null
FO-90-00191,"Huwelijk Kristof en Anja, 1998",null,foto,1998-07-04,jaren 1990,"bruidspaar","auto",null,null,"huwelijk","vervoer",null,null
FO-90-00196,"Bruidspaar Anja en Gérald aan de kerk, Gent, 1991","De huwelijksmis vond plaats in de kerk in de Maisstraat in Gent.",foto,1991-05-03,jaren 1990,"bruidspaar","bruidsboeket",null,null,"huwelijk","Gent",null,null
FO-90-00199,"Trouwfoto Anja en Gérald, Gent, 1991","Vanwege het slechte weer op de trouwdag van Anja en Gérald besloot de fotograaf de trouwfoto's ergens binnen te nemen. De trouwfoto's van het koppel werden gemaakt in verschillende ruimtes van het Museum voor Volkskunde aan de Kraanlei, heden het Huis van Alijn.",foto,1991-05-03,jaren 1990,"bruidspaar",,,,"huwelijk","Gent",null,null