base,filename,extension,type,theme,period
http://ec2-18-191-252-182.us-east-2.compute.amazonaws.com/bachelorproef/FO-60-01364,FO-60-01364,tif,foto,huwelijk,60s
http://ec2-18-191-252-182.us-east-2.compute.amazonaws.com/bachelorproef/FO-60-01365,FO-60-01365,tif,foto,huwelijk,60s
http://ec2-18-191-252-182.us-east-2.compute.amazonaws.com/bachelorproef/FO-60-01386,FO-60-01386,tif,foto,huwelijk,60s
http://ec2-18-191-252-182.us-east-2.compute.amazonaws.com/bachelorproef/FO-60-01387,FO-60-01387,tif,foto,huwelijk,60s
http://ec2-18-191-252-182.us-east-2.compute.amazonaws.com/bachelorproef/FO-60-01390,FO-60-01390,tif,foto,huwelijk,60s
http://ec2-18-191-252-182.us-east-2.compute.amazonaws.com/bachelorproef/FO-60-01392,FO-60-01392,tif,foto,huwelijk,60s
http://ec2-18-191-252-182.us-east-2.compute.amazonaws.com/bachelorproef/FO-60-01394,FO-60-01394,tif,foto,huwelijk,60s
http://ec2-18-191-252-182.us-east-2.compute.amazonaws.com/bachelorproef/FO-60-01413,FO-60-01413,tif,foto,huwelijk,60s
http://ec2-18-191-252-182.us-east-2.compute.amazonaws.com/bachelorproef/FO-60-01414,FO-60-01414,tif,foto,huwelijk,60s
http://ec2-18-191-252-182.us-east-2.compute.amazonaws.com/bachelorproef/FO-60-01416,FO-60-01416,tif,foto,huwelijk,60s
http://ec2-18-191-252-182.us-east-2.compute.amazonaws.com/bachelorproef/FO-60-01417,FO-60-01417,tif,foto,huwelijk,60s
http://ec2-18-191-252-182.us-east-2.compute.amazonaws.com/bachelorproef/FO-60-01418,FO-60-01418,tif,foto,huwelijk,60s
http://ec2-18-191-252-182.us-east-2.compute.amazonaws.com/bachelorproef/FO-60-01421,FO-60-01421,tif,foto,huwelijk,60s
http://ec2-18-191-252-182.us-east-2.compute.amazonaws.com/bachelorproef/FO-60-01422,FO-60-01422,tif,foto,huwelijk,60s
http://ec2-18-191-252-182.us-east-2.compute.amazonaws.com/bachelorproef/FO-60-01429,FO-60-01429,tif,foto,huwelijk,60s
http://ec2-18-191-252-182.us-east-2.compute.amazonaws.com/bachelorproef/FO-60-01430,FO-60-01430,tif,foto,huwelijk,60s
http://ec2-18-191-252-182.us-east-2.compute.amazonaws.com/bachelorproef/FO-60-01431,FO-60-01431,tif,foto,huwelijk,60s
http://ec2-18-191-252-182.us-east-2.compute.amazonaws.com/bachelorproef/FO-60-01432,FO-60-01432,tif,foto,huwelijk,60s
http://ec2-18-191-252-182.us-east-2.compute.amazonaws.com/bachelorproef/FO-60-01433,FO-60-01433,tif,foto,huwelijk,60s
http://ec2-18-191-252-182.us-east-2.compute.amazonaws.com/bachelorproef/FO-60-01434,FO-60-01434,tif,foto,huwelijk,60s
http://ec2-18-191-252-182.us-east-2.compute.amazonaws.com/bachelorproef/FO-60-01435,FO-60-01435,tif,foto,huwelijk,60s
http://ec2-18-191-252-182.us-east-2.compute.amazonaws.com/bachelorproef/FO-60-01436,FO-60-01436,tif,foto,huwelijk,60s
http://ec2-18-191-252-182.us-east-2.compute.amazonaws.com/bachelorproef/FO-60-01437,FO-60-01437,tif,foto,huwelijk,60s
http://ec2-18-191-252-182.us-east-2.compute.amazonaws.com/bachelorproef/FO-60-01438,FO-60-01438,tif,foto,huwelijk,60s
http://ec2-18-191-252-182.us-east-2.compute.amazonaws.com/bachelorproef/FO-60-01439,FO-60-01439,tif,foto,huwelijk,60s
http://ec2-18-191-252-182.us-east-2.compute.amazonaws.com/bachelorproef/FO-60-01442,FO-60-01442,tif,foto,huwelijk,60s
http://ec2-18-191-252-182.us-east-2.compute.amazonaws.com/bachelorproef/FO-60-01443,FO-60-01443,tif,foto,huwelijk,60s
http://ec2-18-191-252-182.us-east-2.compute.amazonaws.com/bachelorproef/FO-60-01446,FO-60-01446,tif,foto,huwelijk,60s
http://ec2-18-191-252-182.us-east-2.compute.amazonaws.com/bachelorproef/FO-60-01447,FO-60-01447,tif,foto,huwelijk,60s
http://ec2-18-191-252-182.us-east-2.compute.amazonaws.com/bachelorproef/FO-60-01451,FO-60-01451,tif,foto,huwelijk,60s
http://ec2-18-191-252-182.us-east-2.compute.amazonaws.com/bachelorproef/FO-60-01452,FO-60-01452,tif,foto,huwelijk,60s
http://ec2-18-191-252-182.us-east-2.compute.amazonaws.com/bachelorproef/FO-60-01453,FO-60-01453,tif,foto,huwelijk,60s
http://ec2-18-191-252-182.us-east-2.compute.amazonaws.com/bachelorproef/FO-60-01455,FO-60-01455,tif,foto,huwelijk,60s
http://ec2-18-191-252-182.us-east-2.compute.amazonaws.com/bachelorproef/FO-60-01456,FO-60-01456,tif,foto,huwelijk,60s
http://ec2-18-191-252-182.us-east-2.compute.amazonaws.com/bachelorproef/FO-60-01457,FO-60-01457,tif,foto,huwelijk,60s
http://ec2-18-191-252-182.us-east-2.compute.amazonaws.com/bachelorproef/FO-60-01458,FO-60-01458,tif,foto,huwelijk,60s
http://ec2-18-191-252-182.us-east-2.compute.amazonaws.com/bachelorproef/FO-60-01459,FO-60-01459,tif,foto,huwelijk,60s
http://ec2-18-191-252-182.us-east-2.compute.amazonaws.com/bachelorproef/FO-60-01461,FO-60-01461,tif,foto,huwelijk,60s
http://ec2-18-191-252-182.us-east-2.compute.amazonaws.com/bachelorproef/FO-60-01462,FO-60-01462,tif,foto,huwelijk,60s
http://ec2-18-191-252-182.us-east-2.compute.amazonaws.com/bachelorproef/FO-60-01463,FO-60-01463,tif,foto,huwelijk,60s
http://ec2-18-191-252-182.us-east-2.compute.amazonaws.com/bachelorproef/FO-60-01464,FO-60-01464,tif,foto,huwelijk,60s
http://ec2-18-191-252-182.us-east-2.compute.amazonaws.com/bachelorproef/FO-60-01466,FO-60-01466,tif,foto,huwelijk,60s
http://ec2-18-191-252-182.us-east-2.compute.amazonaws.com/bachelorproef/FO-60-01467,FO-60-01467,tif,foto,huwelijk,60s
http://ec2-18-191-252-182.us-east-2.compute.amazonaws.com/bachelorproef/FO-60-01471,FO-60-01471,tif,foto,huwelijk,60s
http://ec2-18-191-252-182.us-east-2.compute.amazonaws.com/bachelorproef/FO-60-01472,FO-60-01472,tif,foto,huwelijk,60s
http://ec2-18-191-252-182.us-east-2.compute.amazonaws.com/bachelorproef/FO-60-01473,FO-60-01473,tif,foto,huwelijk,60s
http://ec2-18-191-252-182.us-east-2.compute.amazonaws.com/bachelorproef/FO-60-01474,FO-60-01474,tif,foto,huwelijk,60s
http://ec2-18-191-252-182.us-east-2.compute.amazonaws.com/bachelorproef/FO-60-01478,FO-60-01478,tif,foto,huwelijk,60s
http://ec2-18-191-252-182.us-east-2.compute.amazonaws.com/bachelorproef/FO-60-01479,FO-60-01479,tif,foto,huwelijk,60s
http://ec2-18-191-252-182.us-east-2.compute.amazonaws.com/bachelorproef/FO-60-01480,FO-60-01480,tif,foto,huwelijk,60s
http://ec2-18-191-252-182.us-east-2.compute.amazonaws.com/bachelorproef/FO-60-01481,FO-60-01481,tif,foto,huwelijk,60s
http://ec2-18-191-252-182.us-east-2.compute.amazonaws.com/bachelorproef/FO-60-01482,FO-60-01482,tif,foto,huwelijk,60s
http://ec2-18-191-252-182.us-east-2.compute.amazonaws.com/bachelorproef/FO-60-01483,FO-60-01483,tif,foto,huwelijk,60s
http://ec2-18-191-252-182.us-east-2.compute.amazonaws.com/bachelorproef/FO-60-01484,FO-60-01484,tif,foto,huwelijk,60s
http://ec2-18-191-252-182.us-east-2.compute.amazonaws.com/bachelorproef/FO-60-01485,FO-60-01485,tif,foto,huwelijk,60s
http://ec2-18-191-252-182.us-east-2.compute.amazonaws.com/bachelorproef/FO-60-01489,FO-60-01489,tif,foto,huwelijk,60s
http://ec2-18-191-252-182.us-east-2.compute.amazonaws.com/bachelorproef/FO-60-01497,FO-60-01497,tif,foto,huwelijk,60s
http://ec2-18-191-252-182.us-east-2.compute.amazonaws.com/bachelorproef/FO-60-01499,FO-60-01499,tif,foto,huwelijk,60s
http://ec2-18-191-252-182.us-east-2.compute.amazonaws.com/bachelorproef/FO-60-01500,FO-60-01500,tif,foto,huwelijk,60s
http://ec2-18-191-252-182.us-east-2.compute.amazonaws.com/bachelorproef/FO-60-01501,FO-60-01501,tif,foto,huwelijk,60s
http://ec2-18-191-252-182.us-east-2.compute.amazonaws.com/bachelorproef/FO-60-01502,FO-60-01502,tif,foto,huwelijk,60s
http://ec2-18-191-252-182.us-east-2.compute.amazonaws.com/bachelorproef/FO-60-01503,FO-60-01503,tif,foto,huwelijk,60s
http://ec2-18-191-252-182.us-east-2.compute.amazonaws.com/bachelorproef/FO-60-01504,FO-60-01504,tif,foto,huwelijk,60s
http://ec2-18-191-252-182.us-east-2.compute.amazonaws.com/bachelorproef/FO-60-01510,FO-60-01510,tif,foto,huwelijk,60s
http://ec2-18-191-252-182.us-east-2.compute.amazonaws.com/bachelorproef/FO-60-01513,FO-60-01513,tif,foto,huwelijk,60s
http://ec2-18-191-252-182.us-east-2.compute.amazonaws.com/bachelorproef/FO-60-01515,FO-60-01515,tif,foto,huwelijk,60s
http://ec2-18-191-252-182.us-east-2.compute.amazonaws.com/bachelorproef/FO-60-01517,FO-60-01517,tif,foto,huwelijk,60s
http://ec2-18-191-252-182.us-east-2.compute.amazonaws.com/bachelorproef/FO-60-01521,FO-60-01521,tif,foto,huwelijk,60s
http://ec2-18-191-252-182.us-east-2.compute.amazonaws.com/bachelorproef/FO-60-01522,FO-60-01522,tif,foto,huwelijk,60s
http://ec2-18-191-252-182.us-east-2.compute.amazonaws.com/bachelorproef/FO-60-01525,FO-60-01525,tif,foto,huwelijk,60s
http://ec2-18-191-252-182.us-east-2.compute.amazonaws.com/bachelorproef/FO-60-01527,FO-60-01527,tif,foto,huwelijk,60s
http://ec2-18-191-252-182.us-east-2.compute.amazonaws.com/bachelorproef/FO-60-01528,FO-60-01528,tif,foto,huwelijk,60s
http://ec2-18-191-252-182.us-east-2.compute.amazonaws.com/bachelorproef/FO-60-01529,FO-60-01529,tif,foto,huwelijk,60s
http://ec2-18-191-252-182.us-east-2.compute.amazonaws.com/bachelorproef/FO-60-01530,FO-60-01530,tif,foto,huwelijk,60s
http://ec2-18-191-252-182.us-east-2.compute.amazonaws.com/bachelorproef/FO-60-01531,FO-60-01531,tif,foto,huwelijk,60s
http://ec2-18-191-252-182.us-east-2.compute.amazonaws.com/bachelorproef/FO-60-01533,FO-60-01533,tif,foto,huwelijk,60s
http://ec2-18-191-252-182.us-east-2.compute.amazonaws.com/bachelorproef/FO-60-01534,FO-60-01534,tif,foto,huwelijk,60s
http://ec2-18-191-252-182.us-east-2.compute.amazonaws.com/bachelorproef/FO-60-01536,FO-60-01536,tif,foto,huwelijk,60s
http://ec2-18-191-252-182.us-east-2.compute.amazonaws.com/bachelorproef/FO-60-01537,FO-60-01537,tif,foto,huwelijk,60s
http://ec2-18-191-252-182.us-east-2.compute.amazonaws.com/bachelorproef/FO-60-01538,FO-60-01538,tif,foto,huwelijk,60s
http://ec2-18-191-252-182.us-east-2.compute.amazonaws.com/bachelorproef/FO-60-01539,FO-60-01539,tif,foto,huwelijk,60s
http://ec2-18-191-252-182.us-east-2.compute.amazonaws.com/bachelorproef/FO-60-01542,FO-60-01542,tif,foto,huwelijk,60s
http://ec2-18-191-252-182.us-east-2.compute.amazonaws.com/bachelorproef/FO-60-01543,FO-60-01543,tif,foto,huwelijk,60s
http://ec2-18-191-252-182.us-east-2.compute.amazonaws.com/bachelorproef/FO-60-01544,FO-60-01544,tif,foto,huwelijk,60s
http://ec2-18-191-252-182.us-east-2.compute.amazonaws.com/bachelorproef/FO-60-01545,FO-60-01545,tif,foto,huwelijk,60s
http://ec2-18-191-252-182.us-east-2.compute.amazonaws.com/bachelorproef/FO-60-01546,FO-60-01546,tif,foto,huwelijk,60s
http://ec2-18-191-252-182.us-east-2.compute.amazonaws.com/bachelorproef/FO-60-01547,FO-60-01547,tif,foto,huwelijk,60s
http://ec2-18-191-252-182.us-east-2.compute.amazonaws.com/bachelorproef/FO-60-01548,FO-60-01548,tif,foto,huwelijk,60s
http://ec2-18-191-252-182.us-east-2.compute.amazonaws.com/bachelorproef/FO-60-01549,FO-60-01549,tif,foto,huwelijk,60s
http://ec2-18-191-252-182.us-east-2.compute.amazonaws.com/bachelorproef/FO-60-01550,FO-60-01550,tif,foto,huwelijk,60s
http://ec2-18-191-252-182.us-east-2.compute.amazonaws.com/bachelorproef/FO-60-01551,FO-60-01551,tif,foto,huwelijk,60s
http://ec2-18-191-252-182.us-east-2.compute.amazonaws.com/bachelorproef/FO-60-01564,FO-60-01564,tif,foto,huwelijk,60s
http://ec2-18-191-252-182.us-east-2.compute.amazonaws.com/bachelorproef/FO-60-01566,FO-60-01566,tif,foto,huwelijk,60s
http://ec2-18-191-252-182.us-east-2.compute.amazonaws.com/bachelorproef/FO-60-01567,FO-60-01567,tif,foto,huwelijk,60s
http://ec2-18-191-252-182.us-east-2.compute.amazonaws.com/bachelorproef/FO-60-01570,FO-60-01570,tif,foto,huwelijk,60s
http://ec2-18-191-252-182.us-east-2.compute.amazonaws.com/bachelorproef/FO-60-01571,FO-60-01571,tif,foto,huwelijk,60s
http://ec2-18-191-252-182.us-east-2.compute.amazonaws.com/bachelorproef/FO-60-01572,FO-60-01572,tif,foto,huwelijk,60s
http://ec2-18-191-252-182.us-east-2.compute.amazonaws.com/bachelorproef/FO-60-01573,FO-60-01573,tif,foto,huwelijk,60s
http://ec2-18-191-252-182.us-east-2.compute.amazonaws.com/bachelorproef/FO-60-01574,FO-60-01574,tif,foto,huwelijk,60s
http://ec2-18-191-252-182.us-east-2.compute.amazonaws.com/bachelorproef/FO-60-01575,FO-60-01575,tif,foto,huwelijk,60s
http://ec2-18-191-252-182.us-east-2.compute.amazonaws.com/bachelorproef/FO-60-01577,FO-60-01577,tif,foto,huwelijk,60s
http://ec2-18-191-252-182.us-east-2.compute.amazonaws.com/bachelorproef/FO-60-01578,FO-60-01578,tif,foto,huwelijk,60s
http://ec2-18-191-252-182.us-east-2.compute.amazonaws.com/bachelorproef/FO-60-01586,FO-60-01586,tif,foto,huwelijk,60s
http://ec2-18-191-252-182.us-east-2.compute.amazonaws.com/bachelorproef/FO-60-01591,FO-60-01591,tif,foto,huwelijk,60s
http://ec2-18-191-252-182.us-east-2.compute.amazonaws.com/bachelorproef/FO-60-01592,FO-60-01592,tif,foto,huwelijk,60s
http://ec2-18-191-252-182.us-east-2.compute.amazonaws.com/bachelorproef/FO-60-01593,FO-60-01593,tif,foto,huwelijk,60s
http://ec2-18-191-252-182.us-east-2.compute.amazonaws.com/bachelorproef/FO-60-01594,FO-60-01594,tif,foto,huwelijk,60s
http://ec2-18-191-252-182.us-east-2.compute.amazonaws.com/bachelorproef/FO-60-01595,FO-60-01595,tif,foto,huwelijk,60s
http://ec2-18-191-252-182.us-east-2.compute.amazonaws.com/bachelorproef/FO-60-01597,FO-60-01597,tif,foto,huwelijk,60s
http://ec2-18-191-252-182.us-east-2.compute.amazonaws.com/bachelorproef/FO-60-01598,FO-60-01598,tif,foto,huwelijk,60s
http://ec2-18-191-252-182.us-east-2.compute.amazonaws.com/bachelorproef/FO-60-01599,FO-60-01599,tif,foto,huwelijk,60s
http://ec2-18-191-252-182.us-east-2.compute.amazonaws.com/bachelorproef/FO-60-01612,FO-60-01612,tif,foto,huwelijk,60s
http://ec2-18-191-252-182.us-east-2.compute.amazonaws.com/bachelorproef/FO-60-01616,FO-60-01616,tif,foto,huwelijk,60s
http://ec2-18-191-252-182.us-east-2.compute.amazonaws.com/bachelorproef/FO-60-01688,FO-60-01688,tif,foto,speelgoed,60s
http://ec2-18-191-252-182.us-east-2.compute.amazonaws.com/bachelorproef/FO-60-01791,FO-60-01791,tif,foto,speelgoed,60s
http://ec2-18-191-252-182.us-east-2.compute.amazonaws.com/bachelorproef/FO-60-01801,FO-60-01801,tif,foto,geboorte,60s
http://ec2-18-191-252-182.us-east-2.compute.amazonaws.com/bachelorproef/FO-60-01852,FO-60-01852,tif,foto,speelgoed,60s
http://ec2-18-191-252-182.us-east-2.compute.amazonaws.com/bachelorproef/FO-70-00002,FO-70-00002,tif,foto,huwelijk,70s
http://ec2-18-191-252-182.us-east-2.compute.amazonaws.com/bachelorproef/FO-70-00003,FO-70-00003,tif,foto,huwelijk,70s
http://ec2-18-191-252-182.us-east-2.compute.amazonaws.com/bachelorproef/FO-70-00005,FO-70-00005,tif,foto,huwelijk,70s
http://ec2-18-191-252-182.us-east-2.compute.amazonaws.com/bachelorproef/FO-70-00006,FO-70-00006,tif,foto,speelgoed,70s
http://ec2-18-191-252-182.us-east-2.compute.amazonaws.com/bachelorproef/FO-70-00015,FO-70-00015,tif,foto,speelgoed,70s
http://ec2-18-191-252-182.us-east-2.compute.amazonaws.com/bachelorproef/FO-70-00030,FO-70-00030,tif,foto,geboorte,70s
http://ec2-18-191-252-182.us-east-2.compute.amazonaws.com/bachelorproef/FO-70-00032,FO-70-00032,tif,foto,geboorte,70s
http://ec2-18-191-252-182.us-east-2.compute.amazonaws.com/bachelorproef/FO-70-00041,FO-70-00041,tif,foto,vakantie,70s
http://ec2-18-191-252-182.us-east-2.compute.amazonaws.com/bachelorproef/FO-70-00042,FO-70-00042,tif,foto,vakantie,70s
http://ec2-18-191-252-182.us-east-2.compute.amazonaws.com/bachelorproef/FO-70-00062,FO-70-00062,tif,foto,speelgoed,70s
http://ec2-18-191-252-182.us-east-2.compute.amazonaws.com/bachelorproef/FO-70-00100,FO-70-00100,tif,foto,huwelijk,70s
http://ec2-18-191-252-182.us-east-2.compute.amazonaws.com/bachelorproef/FO-70-00115,FO-70-00115,tif,foto,geboorte,70s
http://ec2-18-191-252-182.us-east-2.compute.amazonaws.com/bachelorproef/FO-70-00142,FO-70-00142,tif,foto,huwelijk,70s
http://ec2-18-191-252-182.us-east-2.compute.amazonaws.com/bachelorproef/FO-70-00149,FO-70-00149,tif,foto,geboorte,70s
http://ec2-18-191-252-182.us-east-2.compute.amazonaws.com/bachelorproef/FO-70-00153,FO-70-00153,tif,foto,speelgoed,70s
http://ec2-18-191-252-182.us-east-2.compute.amazonaws.com/bachelorproef/FO-70-00155,FO-70-00155,tif,foto,speelgoed,70s
http://ec2-18-191-252-182.us-east-2.compute.amazonaws.com/bachelorproef/FO-70-00185,FO-70-00185,tif,foto,speelgoed,70s
http://ec2-18-191-252-182.us-east-2.compute.amazonaws.com/bachelorproef/FO-70-00193,FO-70-00193,tif,foto,geboorte,70s
http://ec2-18-191-252-182.us-east-2.compute.amazonaws.com/bachelorproef/FO-70-00200,FO-70-00200,tif,foto,huwelijk,70s
http://ec2-18-191-252-182.us-east-2.compute.amazonaws.com/bachelorproef/FO-70-00202,FO-70-00202,tif,foto,speelgoed,70s
http://ec2-18-191-252-182.us-east-2.compute.amazonaws.com/bachelorproef/FO-70-00215,FO-70-00215,tif,foto,speelgoed,70s
http://ec2-18-191-252-182.us-east-2.compute.amazonaws.com/bachelorproef/FO-70-00217,FO-70-00217,tif,foto,huwelijk,70s
http://ec2-18-191-252-182.us-east-2.compute.amazonaws.com/bachelorproef/FO-70-00232,FO-70-00232,tif,foto,speelgoed,70s
http://ec2-18-191-252-182.us-east-2.compute.amazonaws.com/bachelorproef/FO-70-00234,FO-70-00234,tif,foto,geboorte,70s
http://ec2-18-191-252-182.us-east-2.compute.amazonaws.com/bachelorproef/FO-70-00249_a3,FO-70-00249_a3,tif,foto,sint,70s
http://ec2-18-191-252-182.us-east-2.compute.amazonaws.com/bachelorproef/FO-70-00251,FO-70-00251,tif,foto,vakantie,70s
http://ec2-18-191-252-182.us-east-2.compute.amazonaws.com/bachelorproef/FO-70-00254,FO-70-00254,tif,foto,sint,70s
http://ec2-18-191-252-182.us-east-2.compute.amazonaws.com/bachelorproef/FO-70-00310,FO-70-00310,tif,foto,geboorte,70s
http://ec2-18-191-252-182.us-east-2.compute.amazonaws.com/bachelorproef/FO-70-00338,FO-70-00338,tif,foto,geboorte,70s
http://ec2-18-191-252-182.us-east-2.compute.amazonaws.com/bachelorproef/FO-70-00399,FO-70-00399,tif,foto,huwelijk,70s
http://ec2-18-191-252-182.us-east-2.compute.amazonaws.com/bachelorproef/FO-70-00401,FO-70-00401,tif,foto,huwelijk,70s
http://ec2-18-191-252-182.us-east-2.compute.amazonaws.com/bachelorproef/FO-70-00402,FO-70-00402,tif,foto,huwelijk,70s
http://ec2-18-191-252-182.us-east-2.compute.amazonaws.com/bachelorproef/FO-70-00424,FO-70-00424,tif,foto,huwelijk,70s
http://ec2-18-191-252-182.us-east-2.compute.amazonaws.com/bachelorproef/FO-70-00457,FO-70-00457,tif,foto,speelgoed,70s
http://ec2-18-191-252-182.us-east-2.compute.amazonaws.com/bachelorproef/FO-70-00470,FO-70-00470,tif,foto,speelgoed,70s
http://ec2-18-191-252-182.us-east-2.compute.amazonaws.com/bachelorproef/FO-70-00471,FO-70-00471,tif,foto,speelgoed,70s
http://ec2-18-191-252-182.us-east-2.compute.amazonaws.com/bachelorproef/FO-70-00510,FO-70-00510,tif,foto,speelgoed,70s
http://ec2-18-191-252-182.us-east-2.compute.amazonaws.com/bachelorproef/FO-70-00530,FO-70-00530,tif,foto,huwelijk,70s
http://ec2-18-191-252-182.us-east-2.compute.amazonaws.com/bachelorproef/FO-70-00531,FO-70-00531,tif,foto,huwelijk,70s
http://ec2-18-191-252-182.us-east-2.compute.amazonaws.com/bachelorproef/FO-70-00535,FO-70-00535,tif,foto,huwelijk,70s
http://ec2-18-191-252-182.us-east-2.compute.amazonaws.com/bachelorproef/FO-70-00538,FO-70-00538,jpg,foto,vakantie,70s
http://ec2-18-191-252-182.us-east-2.compute.amazonaws.com/bachelorproef/FO-70-00539,FO-70-00539,jpg,foto,vakantie,70s
http://ec2-18-191-252-182.us-east-2.compute.amazonaws.com/bachelorproef/FO-70-00542,FO-70-00542,tif,foto,huwelijk,70s
http://ec2-18-191-252-182.us-east-2.compute.amazonaws.com/bachelorproef/FO-70-00562,FO-70-00562,tif,foto,speelgoed,70s
http://ec2-18-191-252-182.us-east-2.compute.amazonaws.com/bachelorproef/FO-70-00593,FO-70-00593,tif,foto,speelgoed,70s
http://ec2-18-191-252-182.us-east-2.compute.amazonaws.com/bachelorproef/FO-70-00621,FO-70-00621,tif,foto,speelgoed,70s
http://ec2-18-191-252-182.us-east-2.compute.amazonaws.com/bachelorproef/FO-70-00631,FO-70-00631,tif,foto,vakantie,70s
http://ec2-18-191-252-182.us-east-2.compute.amazonaws.com/bachelorproef/FO-70-00662,FO-70-00662,tif,foto,huwelijk,70s
http://ec2-18-191-252-182.us-east-2.compute.amazonaws.com/bachelorproef/FO-70-00809,FO-70-00809,tif,foto,huwelijk,70s
http://ec2-18-191-252-182.us-east-2.compute.amazonaws.com/bachelorproef/FO-70-00844,FO-70-00844,tif,foto,huwelijk,70s
http://ec2-18-191-252-182.us-east-2.compute.amazonaws.com/bachelorproef/FO-70-00867,FO-70-00867,tif,foto,speelgoed,70s
http://ec2-18-191-252-182.us-east-2.compute.amazonaws.com/bachelorproef/FO-70-00870,FO-70-00870,tif,foto,speelgoed,70s
http://ec2-18-191-252-182.us-east-2.compute.amazonaws.com/bachelorproef/FO-70-00899,FO-70-00899,tif,foto,geboorte,70s
http://ec2-18-191-252-182.us-east-2.compute.amazonaws.com/bachelorproef/FO-70-00900,FO-70-00900,tif,foto,geboorte,70s
http://ec2-18-191-252-182.us-east-2.compute.amazonaws.com/bachelorproef/FO-70-00908,FO-70-00908,tif,foto,huwelijk,70s
http://ec2-18-191-252-182.us-east-2.compute.amazonaws.com/bachelorproef/FO-70-00912,FO-70-00912,tif,foto,huwelijk,70s
http://ec2-18-191-252-182.us-east-2.compute.amazonaws.com/bachelorproef/FO-70-00937,FO-70-00937,tif,foto,speelgoed,70s
http://ec2-18-191-252-182.us-east-2.compute.amazonaws.com/bachelorproef/FO-70-00955,FO-70-00955,tif,foto,geboorte,70s
http://ec2-18-191-252-182.us-east-2.compute.amazonaws.com/bachelorproef/FO-70-00956,FO-70-00956,tif,foto,geboorte,70s
http://ec2-18-191-252-182.us-east-2.compute.amazonaws.com/bachelorproef/FO-70-00959,FO-70-00959,tif,foto,geboorte,70s
http://ec2-18-191-252-182.us-east-2.compute.amazonaws.com/bachelorproef/FO-70-00960,FO-70-00960,tif,foto,geboorte,70s
http://ec2-18-191-252-182.us-east-2.compute.amazonaws.com/bachelorproef/FO-70-00961,FO-70-00961,tif,foto,geboorte,70s
http://ec2-18-191-252-182.us-east-2.compute.amazonaws.com/bachelorproef/FO-70-00977,FO-70-00977,tif,foto,geboorte,70s
http://ec2-18-191-252-182.us-east-2.compute.amazonaws.com/bachelorproef/FO-70-01000,FO-70-01000,tif,foto,huwelijk,70s
http://ec2-18-191-252-182.us-east-2.compute.amazonaws.com/bachelorproef/FO-70-01003,FO-70-01003,tif,foto,huwelijk,70s
http://ec2-18-191-252-182.us-east-2.compute.amazonaws.com/bachelorproef/FO-70-01005,FO-70-01005,tif,foto,huwelijk,70s
http://ec2-18-191-252-182.us-east-2.compute.amazonaws.com/bachelorproef/FO-70-01006,FO-70-01006,tif,foto,huwelijk,70s
http://ec2-18-191-252-182.us-east-2.compute.amazonaws.com/bachelorproef/FO-70-01007,FO-70-01007,tif,foto,huwelijk,70s
http://ec2-18-191-252-182.us-east-2.compute.amazonaws.com/bachelorproef/FO-70-01010,FO-70-01010,tif,foto,huwelijk,70s
http://ec2-18-191-252-182.us-east-2.compute.amazonaws.com/bachelorproef/FO-70-01012,FO-70-01012,tif,foto,huwelijk,70s
http://ec2-18-191-252-182.us-east-2.compute.amazonaws.com/bachelorproef/FO-70-01014,FO-70-01014,tif,foto,huwelijk,70s
http://ec2-18-191-252-182.us-east-2.compute.amazonaws.com/bachelorproef/FO-70-01016,FO-70-01016,tif,foto,huwelijk,70s
http://ec2-18-191-252-182.us-east-2.compute.amazonaws.com/bachelorproef/FO-70-01019,FO-70-01019,tif,foto,huwelijk,70s
http://ec2-18-191-252-182.us-east-2.compute.amazonaws.com/bachelorproef/FO-70-01024,FO-70-01024,tif,foto,huwelijk,70s
http://ec2-18-191-252-182.us-east-2.compute.amazonaws.com/bachelorproef/FO-70-01025,FO-70-01025,tif,foto,huwelijk,70s
http://ec2-18-191-252-182.us-east-2.compute.amazonaws.com/bachelorproef/FO-70-01026,FO-70-01026,tif,foto,huwelijk,70s
http://ec2-18-191-252-182.us-east-2.compute.amazonaws.com/bachelorproef/FO-70-01029,FO-70-01029,tif,foto,huwelijk,70s
http://ec2-18-191-252-182.us-east-2.compute.amazonaws.com/bachelorproef/FO-70-01030,FO-70-01030,tif,foto,huwelijk,70s
http://ec2-18-191-252-182.us-east-2.compute.amazonaws.com/bachelorproef/FO-70-01033,FO-70-01033,tif,foto,huwelijk,70s
http://ec2-18-191-252-182.us-east-2.compute.amazonaws.com/bachelorproef/FO-70-01035,FO-70-01035,tif,foto,huwelijk,70s
http://ec2-18-191-252-182.us-east-2.compute.amazonaws.com/bachelorproef/FO-70-01036,FO-70-01036,tif,foto,huwelijk,70s
http://ec2-18-191-252-182.us-east-2.compute.amazonaws.com/bachelorproef/FO-70-01038,FO-70-01038,tif,foto,huwelijk,70s
http://ec2-18-191-252-182.us-east-2.compute.amazonaws.com/bachelorproef/FO-70-01039,FO-70-01039,tif,foto,huwelijk,70s
http://ec2-18-191-252-182.us-east-2.compute.amazonaws.com/bachelorproef/FO-70-01040,FO-70-01040,tif,foto,huwelijk,70s
http://ec2-18-191-252-182.us-east-2.compute.amazonaws.com/bachelorproef/FO-70-01041,FO-70-01041,tif,foto,huwelijk,70s
http://ec2-18-191-252-182.us-east-2.compute.amazonaws.com/bachelorproef/FO-70-01042,FO-70-01042,tif,foto,huwelijk,70s
http://ec2-18-191-252-182.us-east-2.compute.amazonaws.com/bachelorproef/FO-70-01043,FO-70-01043,tif,foto,huwelijk,70s
http://ec2-18-191-252-182.us-east-2.compute.amazonaws.com/bachelorproef/FO-70-01044,FO-70-01044,tif,foto,huwelijk,70s
http://ec2-18-191-252-182.us-east-2.compute.amazonaws.com/bachelorproef/FO-70-01046,FO-70-01046,tif,foto,huwelijk,70s
http://ec2-18-191-252-182.us-east-2.compute.amazonaws.com/bachelorproef/FO-70-01049,FO-70-01049,tif,foto,huwelijk,70s
http://ec2-18-191-252-182.us-east-2.compute.amazonaws.com/bachelorproef/FO-70-01050,FO-70-01050,tif,foto,huwelijk,70s
http://ec2-18-191-252-182.us-east-2.compute.amazonaws.com/bachelorproef/FO-70-01051,FO-70-01051,tif,foto,huwelijk,70s
http://ec2-18-191-252-182.us-east-2.compute.amazonaws.com/bachelorproef/FO-70-01052,FO-70-01052,tif,foto,huwelijk,70s
http://ec2-18-191-252-182.us-east-2.compute.amazonaws.com/bachelorproef/FO-70-01054,FO-70-01054,tif,foto,huwelijk,70s
http://ec2-18-191-252-182.us-east-2.compute.amazonaws.com/bachelorproef/FO-70-01055,FO-70-01055,tif,foto,huwelijk,70s
http://ec2-18-191-252-182.us-east-2.compute.amazonaws.com/bachelorproef/FO-70-01057,FO-70-01057,tif,foto,huwelijk,70s
http://ec2-18-191-252-182.us-east-2.compute.amazonaws.com/bachelorproef/FO-70-01058,FO-70-01058,tif,foto,huwelijk,70s
http://ec2-18-191-252-182.us-east-2.compute.amazonaws.com/bachelorproef/FO-70-01059,FO-70-01059,tif,foto,huwelijk,70s
http://ec2-18-191-252-182.us-east-2.compute.amazonaws.com/bachelorproef/FO-80-00008,FO-80-00008,tif,foto,geboorte,80s
http://ec2-18-191-252-182.us-east-2.compute.amazonaws.com/bachelorproef/FO-80-00012,FO-80-00012,tif,foto,geboorte,80s
http://ec2-18-191-252-182.us-east-2.compute.amazonaws.com/bachelorproef/FO-80-00016,FO-80-00016,tif,foto,geboorte,80s
http://ec2-18-191-252-182.us-east-2.compute.amazonaws.com/bachelorproef/FO-80-00017,FO-80-00017,tif,foto,geboorte,80s
http://ec2-18-191-252-182.us-east-2.compute.amazonaws.com/bachelorproef/FO-80-00018,FO-80-00018,tif,foto,geboorte,80s
http://ec2-18-191-252-182.us-east-2.compute.amazonaws.com/bachelorproef/FO-80-00023,FO-80-00023,tif,foto,speelgoed,80s
http://ec2-18-191-252-182.us-east-2.compute.amazonaws.com/bachelorproef/FO-80-00027,FO-80-00027,tif,foto,speelgoed,80s
http://ec2-18-191-252-182.us-east-2.compute.amazonaws.com/bachelorproef/FO-80-00041,FO-80-00041,tif,foto,geboorte,80s
http://ec2-18-191-252-182.us-east-2.compute.amazonaws.com/bachelorproef/FO-80-00042,FO-80-00042,tif,foto,geboorte,80s
http://ec2-18-191-252-182.us-east-2.compute.amazonaws.com/bachelorproef/FO-80-00053,FO-80-00053,tif,foto,huwelijk,80s
http://ec2-18-191-252-182.us-east-2.compute.amazonaws.com/bachelorproef/FO-80-00055,FO-80-00055,tif,foto,huwelijk,80s
http://ec2-18-191-252-182.us-east-2.compute.amazonaws.com/bachelorproef/FO-80-00080,FO-80-00080,tif,foto,speelgoed,80s
http://ec2-18-191-252-182.us-east-2.compute.amazonaws.com/bachelorproef/FO-80-00082,FO-80-00082,tif,foto,speelgoed,80s
http://ec2-18-191-252-182.us-east-2.compute.amazonaws.com/bachelorproef/FO-80-00106,FO-80-00106,tif,foto,speelgoed,80s
http://ec2-18-191-252-182.us-east-2.compute.amazonaws.com/bachelorproef/FO-80-00129,FO-80-00129,tif,foto,huwelijk,80s
http://ec2-18-191-252-182.us-east-2.compute.amazonaws.com/bachelorproef/FO-80-00158,FO-80-00158,tif,foto,speelgoed,80s
http://ec2-18-191-252-182.us-east-2.compute.amazonaws.com/bachelorproef/FO-80-00160,FO-80-00160,tif,foto,speelgoed,80s
http://ec2-18-191-252-182.us-east-2.compute.amazonaws.com/bachelorproef/FO-80-00163,FO-80-00163,tif,foto,geboorte,80s
http://ec2-18-191-252-182.us-east-2.compute.amazonaws.com/bachelorproef/FO-80-00215,FO-80-00215,tif,foto,speelgoed,80s
http://ec2-18-191-252-182.us-east-2.compute.amazonaws.com/bachelorproef/FO-80-00225,FO-80-00225,tif,foto,vakantie,80s
http://ec2-18-191-252-182.us-east-2.compute.amazonaws.com/bachelorproef/FO-80-00246,FO-80-00246,tif,foto,geboorte,80s
http://ec2-18-191-252-182.us-east-2.compute.amazonaws.com/bachelorproef/FO-80-00289,FO-80-00289,tif,foto,huwelijk,80s
http://ec2-18-191-252-182.us-east-2.compute.amazonaws.com/bachelorproef/FO-80-00328,FO-80-00328,tif,foto,vakantie,80s
http://ec2-18-191-252-182.us-east-2.compute.amazonaws.com/bachelorproef/FO-80-00334,FO-80-00334,tif,foto,speelgoed,80s
http://ec2-18-191-252-182.us-east-2.compute.amazonaws.com/bachelorproef/FO-80-00405,FO-80-00405,tif,foto,huwelijk,80s
http://ec2-18-191-252-182.us-east-2.compute.amazonaws.com/bachelorproef/FO-80-00411,FO-80-00411,tif,foto,vakantie,80s
http://ec2-18-191-252-182.us-east-2.compute.amazonaws.com/bachelorproef/FO-80-00412,FO-80-00412,tif,foto,vakantie,80s
http://ec2-18-191-252-182.us-east-2.compute.amazonaws.com/bachelorproef/FO-80-00413,FO-80-00413,tif,foto,vakantie,80s
http://ec2-18-191-252-182.us-east-2.compute.amazonaws.com/bachelorproef/FO-80-00414,FO-80-00414,tif,foto,vakantie,80s
http://ec2-18-191-252-182.us-east-2.compute.amazonaws.com/bachelorproef/FO-80-00447,FO-80-00447,tif,foto,huwelijk,80s
http://ec2-18-191-252-182.us-east-2.compute.amazonaws.com/bachelorproef/FO-80-00451,FO-80-00451,tif,foto,vakantie,80s
http://ec2-18-191-252-182.us-east-2.compute.amazonaws.com/bachelorproef/FO-80-00452,FO-80-00452,tif,foto,vakantie,80s
http://ec2-18-191-252-182.us-east-2.compute.amazonaws.com/bachelorproef/FO-80-00476,FO-80-00476,tif,foto,huwelijk,80s
http://ec2-18-191-252-182.us-east-2.compute.amazonaws.com/bachelorproef/FO-80-00482_a3,FO-80-00482_a3,tif,foto,vakantie,80s
http://ec2-18-191-252-182.us-east-2.compute.amazonaws.com/bachelorproef/FO-80-00492,FO-80-00492,tif,foto,huwelijk,80s
http://ec2-18-191-252-182.us-east-2.compute.amazonaws.com/bachelorproef/FO-80-00496,FO-80-00496,tif,foto,huwelijk,80s
http://ec2-18-191-252-182.us-east-2.compute.amazonaws.com/bachelorproef/FO-80-00497,FO-80-00497,tif,foto,huwelijk,80s
http://ec2-18-191-252-182.us-east-2.compute.amazonaws.com/bachelorproef/FO-80-00498,FO-80-00498,tif,foto,huwelijk,80s
http://ec2-18-191-252-182.us-east-2.compute.amazonaws.com/bachelorproef/FO-80-00500,FO-80-00500,tif,foto,huwelijk,80s
http://ec2-18-191-252-182.us-east-2.compute.amazonaws.com/bachelorproef/FO-80-00502,FO-80-00502,tif,foto,speelgoed,80s
http://ec2-18-191-252-182.us-east-2.compute.amazonaws.com/bachelorproef/FO-80-00505,FO-80-00505,TIF,foto,geboorte,80s
http://ec2-18-191-252-182.us-east-2.compute.amazonaws.com/bachelorproef/FO-80-00535,FO-80-00535,tif,foto,speelgoed,80s
http://ec2-18-191-252-182.us-east-2.compute.amazonaws.com/bachelorproef/FO-80-00551,FO-80-00551,tif,foto,vakantie,80s
http://ec2-18-191-252-182.us-east-2.compute.amazonaws.com/bachelorproef/FO-80-00556,FO-80-00556,tif,foto,vakantie,80s
http://ec2-18-191-252-182.us-east-2.compute.amazonaws.com/bachelorproef/FO-80-00557,FO-80-00557,tif,foto,vakantie,80s
http://ec2-18-191-252-182.us-east-2.compute.amazonaws.com/bachelorproef/FO-80-00559,FO-80-00559,tif,foto,vakantie,80s
http://ec2-18-191-252-182.us-east-2.compute.amazonaws.com/bachelorproef/FO-80-00560,FO-80-00560,tif,foto,vakantie,80s
http://ec2-18-191-252-182.us-east-2.compute.amazonaws.com/bachelorproef/FO-80-00570,FO-80-00570,tif,foto,huwelijk,80s
http://ec2-18-191-252-182.us-east-2.compute.amazonaws.com/bachelorproef/FO-80-00637,FO-80-00637,tif,foto,speelgoed,80s
http://ec2-18-191-252-182.us-east-2.compute.amazonaws.com/bachelorproef/FO-80-00638,FO-80-00638,tif,foto,speelgoed,80s
http://ec2-18-191-252-182.us-east-2.compute.amazonaws.com/bachelorproef/FO-80-00703,FO-80-00703,tif,foto,speelgoed,80s
http://ec2-18-191-252-182.us-east-2.compute.amazonaws.com/bachelorproef/FO-80-00709,FO-80-00709,tif,foto,speelgoed,80s
http://ec2-18-191-252-182.us-east-2.compute.amazonaws.com/bachelorproef/FO-80-00714,FO-80-00714,tif,foto,speelgoed,80s
http://ec2-18-191-252-182.us-east-2.compute.amazonaws.com/bachelorproef/FO-80-00725,FO-80-00725,tif,foto,geboorte,80s
http://ec2-18-191-252-182.us-east-2.compute.amazonaws.com/bachelorproef/FO-90-00005,FO-90-00005,tif,foto,speelgoed,90s
http://ec2-18-191-252-182.us-east-2.compute.amazonaws.com/bachelorproef/FO-90-00006,FO-90-00006,tif,foto,speelgoed,90s
http://ec2-18-191-252-182.us-east-2.compute.amazonaws.com/bachelorproef/FO-90-00026,FO-90-00026,tif,foto,speelgoed,90s
http://ec2-18-191-252-182.us-east-2.compute.amazonaws.com/bachelorproef/FO-90-00076,FO-90-00076,tif,foto,geboorte,90s
http://ec2-18-191-252-182.us-east-2.compute.amazonaws.com/bachelorproef/FO-90-00085,FO-90-00085,tif,foto,geboorte,90s
http://ec2-18-191-252-182.us-east-2.compute.amazonaws.com/bachelorproef/FO-90-00096,FO-90-00096,tif,foto,vakantie,90s
http://ec2-18-191-252-182.us-east-2.compute.amazonaws.com/bachelorproef/FO-90-00097,FO-90-00097,tif,foto,vakantie,90s
http://ec2-18-191-252-182.us-east-2.compute.amazonaws.com/bachelorproef/FO-90-00122,FO-90-00122,tif,foto,huwelijk,90s
http://ec2-18-191-252-182.us-east-2.compute.amazonaws.com/bachelorproef/FO-90-00153,FO-90-00153,tif,foto,huwelijk,90s
http://ec2-18-191-252-182.us-east-2.compute.amazonaws.com/bachelorproef/FO-90-00157,FO-90-00157,tif,foto,huwelijk,90s
http://ec2-18-191-252-182.us-east-2.compute.amazonaws.com/bachelorproef/FO-90-00162,FO-90-00162,tif,foto,speelgoed,90s
http://ec2-18-191-252-182.us-east-2.compute.amazonaws.com/bachelorproef/FO-90-00174,FO-90-00174,tif,foto,speelgoed,90s
http://ec2-18-191-252-182.us-east-2.compute.amazonaws.com/bachelorproef/FO-90-00183,FO-90-00183,tif,foto,huwelijk,90s
http://ec2-18-191-252-182.us-east-2.compute.amazonaws.com/bachelorproef/FO-90-00184,FO-90-00184,tif,foto,huwelijk,90s
http://ec2-18-191-252-182.us-east-2.compute.amazonaws.com/bachelorproef/FO-90-00190,FO-90-00190,tif,foto,huwelijk,90s
http://ec2-18-191-252-182.us-east-2.compute.amazonaws.com/bachelorproef/FO-90-00191,FO-90-00191,tif,foto,huwelijk,90s
http://ec2-18-191-252-182.us-east-2.compute.amazonaws.com/bachelorproef/FO-90-00196,FO-90-00196,tif,foto,huwelijk,90s
http://ec2-18-191-252-182.us-east-2.compute.amazonaws.com/bachelorproef/FO-90-00199,FO-90-00199,tif,foto,huwelijk,90s
http://ec2-18-191-252-182.us-east-2.compute.amazonaws.com/bachelorproef/FO-90-00259,FO-90-00259,tif,foto,geboorte,90s
http://ec2-18-191-252-182.us-east-2.compute.amazonaws.com/bachelorproef/FO-90-00279,FO-90-00279,tif,foto,speelgoed,90s