filename,period,theme
FO-50-01460,50s,huwelijk
FO-50-01647,50s,huwelijk
FO-50-01719,50s,huwelijk
FO-50-00590,50s,sint
FO-50-00763,50s,sint
FO-50-00797,50s,sint
FO-50-01386,50s,sint
FO-50-01771,50s,sint
FO-50-01780,50s,sint
FO-50-01817,50s,sint
FO-50-01829,50s,sint
FO-50-00080,50s,speelgoed
FO-50-01786,50s,speelgoed
FO-50-00903,50s,vakantie
FO-60-01094,60s,huwelijk
FO-60-01117,60s,huwelijk
FO-60-01365,60s,huwelijk
FO-60-01416,60s,huwelijk
FO-60-01431,60s,huwelijk
FO-60-01438,60s,huwelijk
FO-60-01003,60s,huwelijk
FO-60-01447,60s,huwelijk
FO-60-01459,60s,huwelijk
FO-60-01472,60s,huwelijk
FO-60-01483,60s,huwelijk
FO-60-01502,60s,huwelijk
FO-60-01522,60s,huwelijk
FO-60-01534,60s,huwelijk
FO-60-01545,60s,huwelijk
FO-60-01566,60s,huwelijk
FO-60-01577,60s,huwelijk
FO-60-01597,60s,huwelijk
FO-60-00265,60s,speelgoed
FO-60-00264,60s,vakantie
FO-60-00575,60s,vakantie
DIA-60-00130,60s,vakantie
FO-60-00647,60s,vakantie