filename,theme,period
FO-10-00084,geboorte,10s
FO-50-01283,geboorte,50s
FO-50-01881,geboorte,50s
FO-60-00175,geboorte,60s
FO-60-00935,geboorte,60s
FO-70-00032,geboorte,70s
FO-70-00234,geboorte,70s
FO-70-00310,geboorte,70s
FO-70-00338,geboorte,70s
FO-80-00018,geboorte,80s
FO-20-00236,huwelijk,20s
FO-20-00240,huwelijk,20s
FO-30-00430,huwelijk,30s
FO-30-00456,huwelijk,30s
FO-40-00496,huwelijk,40s
FO-40-00528,huwelijk,40s
FO-50-00754,huwelijk,50s
FO-60-00314,huwelijk,60s
FO-70-00142,huwelijk,70s
FO-80-00289,huwelijk,80s
FO-40-00727,sint,40s
FO-50-00777,sint,50s
FO-50-00797,sint,50s
FO-50-00879,sint,50s
FO-50-00884,sint,50s
FO-50-01027,sint,50s
FO-50-01028,sint,50s
FO-50-00102,sint,50s
FO-50-01029,sint,50s
FO-50-01139,sint,50s
FO-30-00232,speelgoed,30s
FO-40-00634,speelgoed,40s
FO-40-00659,speelgoed,40s
FO-50-00614,speelgoed,50s
FO-60-00668,speelgoed,60s
FO-70-00155,speelgoed,70s
FO-70-00215,speelgoed,70s
FO-70-00232,speelgoed,70s
FO-80-00082,speelgoed,80s
FO-80-00160,speelgoed,80s
FO-20-00299_a3,vakantie,20s
FO-30-00164,vakantie,30s
FO-30-00197,vakantie,30s
FO-50-00336,vakantie,50s
FO-50-00591,vakantie,50s
DIA-60-00091,vakantie,60s
DIA-70-00088,vakantie,70s
DIA-70-00089,vakantie,70s
FO-80-00328,vakantie,80s
DIA-0001-0234,vakantie,onbekend